,,,"GGUN-FL Fluorometer #323  - Signals in mV ",,,,,,,,,,
,,,"------","-------------","---------","-------------","--",,,,,,
"#","Time","R","Tracer 1","Tracer 2","Tracer 3","Turbidity  ","Baseline","Battery V","T","Conductiv","temps","DÃ©bit  (m3/s)","Concentration Fluo (kg/m3)"
1,"22/04/23-10:37:09",0,9.06,1.37,2.19,16.42,13.91,13.16,7.34,0.1,23.452,0.177608875145251,-0.000000000540499999999989
2,"22/04/23-10:52:09",0,9.07,1.35,2.18,16.29,13.92,13.14,7,0.102,23.4624166666667,0.17877985180767,0
3,"22/04/23-11:07:09",0,9.07,1.36,2.16,16.28,13.93,13.12,6.81,0.104,23.4728333333333,0.178126458315952,0
4,"22/04/23-11:22:09",0,9.15,1.37,2.16,16.3,13.88,13.11,6.75,0.108,23.48325,0.178126458315952,0.000000004324
5,"22/04/23-11:37:09",0,9.08,1.37,2.15,16.24,13.93,13.1,6.71,0.108,23.4936666666667,0.178126458315952,0.000000000540499999999989
6,"22/04/23-11:52:09",0,9.1,1.37,2.16,16.35,13.92,13.09,6.69,0.102,23.5040833333333,0.179562364824947,0.00000000162149999999997
7,"22/04/23-12:07:09",0,9.15,1.38,2.17,16.34,13.92,13.08,6.68,0.1,23.5145,0.17877985180767,0.000000004324
8,"22/04/23-12:22:09",0,9.09,1.37,2.17,16.28,13.93,13.08,6.68,0.111,23.5249166666667,0.179562364824947,0.00000000108099999999998
9,"22/04/23-12:37:08",0,9.13,1.35,2.16,16.31,13.9,13.08,6.68,0.106,23.5353333333333,0.179562364824947,0.00000000324300000000003
10,"22/04/23-12:52:08",0,9.11,1.36,2.18,16.28,13.91,13.07,6.68,0.106,23.54575,0.180467467917191,0.00000000216199999999995
11,"22/04/23-13:07:08",0,9.09,1.39,2.18,16.24,13.93,13.07,6.68,0.104,23.5561666666667,0.180467467917191,0.00000000108099999999998
12,"22/04/23-13:22:08",0,9.17,1.37,2.18,16.26,13.93,13.07,6.68,0.102,23.5665833333333,0.179562364824958,0.00000000540499999999998
13,"22/04/23-13:37:08",0,9.14,1.35,2.17,16.3,13.93,13.07,6.68,0.105,23.577,0.17877985180767,0.00000000378350000000002
14,"22/04/23-13:52:08",0,9.18,1.38,2.17,16.3,13.89,13.06,6.68,0.101,23.5874166666667,0.17877985180767,0.00000000594549999999997
15,"22/04/23-14:07:08",0,9.15,1.39,2.17,16.38,13.89,13.06,6.68,0.102,23.5978333333334,0.178126458315952,0.000000004324
16,"22/04/23-14:22:08",0,9.14,1.41,2.19,16.3,13.92,13.06,6.68,0.107,23.60825,0.177008709673227,0.00000000378350000000002
17,"22/04/23-14:37:08",0,9.05,1.35,2.16,16.26,14.05,13.06,6.68,0.106,23.6186666666667,0.177036108653007,-0.00000000108099999999998
18,"22/04/23-14:52:08",0,9.15,1.38,2.18,16.3,13.92,13.06,6.68,0.104,23.6290833333334,0.177303586090369,0.000000004324
19,"22/04/23-15:07:08",0,9.13,1.35,2.17,16.27,13.94,13.06,6.68,0.112,23.6395,0.178384391183869,0.00000000324300000000003
20,"22/04/23-15:22:08",0,9.16,1.38,2.18,16.32,13.9,13.06,6.68,0.106,23.6499166666667,0.179213520604172,0.00000000486449999999999
21,"22/04/23-15:37:07",0,9.14,1.39,2.18,16.29,13.92,13.06,6.68,0.101,23.6603333333334,0.181489947688953,0.00000000378350000000002
22,"22/04/23-15:52:07",0,9.2,1.38,2.18,16.31,13.89,13.06,6.68,0.103,23.67075,0.182954015186891,0.00000000702649999999995
23,"22/04/23-16:07:07",0,9.18,1.36,2.15,16.28,13.94,13.06,6.68,0.11,23.6811666666667,0.182954015186891,0.00000000594549999999997
24,"22/04/23-16:22:07",0,9.13,1.38,2.17,16.29,13.91,13.06,6.68,0.099,23.6915833333334,0.181489947688953,0.00000000324300000000003
25,"22/04/23-16:37:07",0,9.22,1.39,2.16,16.26,13.87,13.06,6.68,0.107,23.702,0.181489947688953,0.00000000810750000000002
26,"22/04/23-16:52:07",0,9.16,1.38,2.18,16.34,13.91,13.05,6.68,0.1,23.7124166666667,0.182954015186891,0.00000000486449999999999
27,"22/04/23-17:07:07",0,9.17,1.39,2.16,16.31,13.9,13.05,6.68,0.106,23.7228333333334,0.184646767452297,0.00000000540499999999998
28,"22/04/23-17:22:07",0,9.08,1.4,2.19,16.27,13.97,13.05,6.68,0.103,23.73325,0.182954015186891,0.000000000540499999999989
29,"22/04/23-17:37:07",0,9.18,1.39,2.17,16.28,13.91,13.05,6.68,0.102,23.7436666666667,0.181489947688953,0.00000000594549999999997
30,"22/04/23-17:52:07",0,9.23,1.36,2.18,16.26,13.87,13.05,6.68,0.104,23.7540833333334,0.180245938024441,0.00000000864800000000001
31,"22/04/23-18:07:07",0,9.14,1.4,2.18,16.32,13.91,13.05,6.68,0.111,23.7645,0.181489947688953,0.00000000378350000000002
32,"22/04/23-18:22:07",0,9.11,1.38,2.18,16.26,13.93,13.05,6.68,0.105,23.7749166666667,0.178384391183869,0.00000000216199999999995
33,"22/04/23-18:37:07",0,9.14,1.37,2.17,16.27,13.9,13.05,6.68,0.105,23.7853333333334,0.177036108652999,0.00000000378350000000002
34,"22/04/23-18:52:06",0,9.12,1.37,2.18,16.27,13.94,13.05,6.68,0.104,23.79575,0.177008709673228,0.00000000270249999999994
35,"22/04/23-19:07:06",0,9.2,1.38,2.17,16.29,13.87,13.05,6.68,0.098,23.8061666666667,0.178126458315952,0.00000000702649999999995
36,"22/04/23-19:22:06",0,9.16,1.4,2.18,16.24,13.92,13.05,6.68,0.109,23.8165833333334,0.180467467917188,0.00000000486449999999999
37,"22/04/23-19:37:06",0,9.17,1.37,2.19,16.21,13.91,13.05,6.68,0.109,23.827,0.183855443311024,0.00000000540499999999998
38,"22/04/23-19:52:06",0,9.12,1.38,2.15,16.25,13.92,13.05,6.68,0.101,23.8374166666667,0.189721120237664,0.00000000270249999999994
39,"22/04/23-20:07:06",0,9.13,1.34,2.18,16.21,13.88,13.04,6.68,0.108,23.8478333333334,0.191391245094263,0.00000000324300000000003
40,"22/04/23-20:22:06",0,9.14,1.38,2.18,16.23,13.9,13.04,6.68,0.106,23.85825,0.194939835423792,0.00000000378350000000002
41,"22/04/23-20:37:06",0,9.22,1.38,2.17,16.19,13.92,13.04,6.68,0.114,23.8686666666667,0.202738377569482,0.00000000810750000000002
42,"22/04/23-20:52:06",0,9.14,1.39,2.17,16.27,13.93,13.04,6.68,0.112,23.8790833333334,0.206918708670758,0.00000000378350000000002
43,"22/04/23-21:07:06",0,9.18,1.39,2.16,16.24,13.89,13.04,6.68,0.105,23.8895000000001,0.213452609442424,0.00000000594549999999997
44,"22/04/23-21:22:06",0,9.21,1.39,2.16,16.24,13.89,13.03,6.68,0.104,23.8999166666667,0.222514069362017,0.00000000756700000000003
45,"22/04/23-21:37:06",0,9.12,1.37,2.18,16.27,13.91,13.03,6.68,0.106,23.9103333333334,0.227141713075346,0.00000000270249999999994
46,"22/04/23-21:52:06",0,9.12,1.39,2.17,16.19,13.94,13.03,6.68,0.107,23.9207500000001,0.231807343786635,0.00000000270249999999994
47,"22/04/23-22:07:05",0,9.16,1.41,2.15,16.27,13.91,13.03,6.68,0.105,23.9311666666667,0.238841103197824,0.00000000486449999999999
48,"22/04/23-22:22:05",0,9.13,1.35,2.15,16.26,13.93,13.03,6.68,0.111,23.9415833333334,0.241188188798646,0.00000000324300000000003
49,"22/04/23-22:37:05",0,9.05,1.36,2.15,16.2,13.89,13.02,6.68,0.109,23.9520000000001,0.243534112153337,-0.00000000108099999999998
50,"22/04/23-22:52:05",0,9.11,1.38,2.14,16.25,13.87,13.02,6.68,0.112,23.9624166666667,0.243534112153337,0.00000000216199999999995
51,"22/04/23-23:07:05",0,9.11,1.38,2.15,16.27,13.91,13.02,6.68,0.104,23.9728333333334,0.241188188798659,0.00000000216199999999995
52,"22/04/23-23:22:05",0,9.11,1.39,2.16,16.25,13.92,13.02,6.68,0.113,23.9832500000001,0.243534112153337,0.00000000216199999999995
53,"22/04/23-23:37:05",0,9.03,1.34,2.13,16.16,13.95,13.02,6.68,0.107,23.9936666666667,0.243534112153333,-0.00000000216200000000005
54,"22/04/23-23:52:05",0,9.1,1.39,2.15,16.22,13.91,13.01,6.68,0.106,24.0040833333334,0.243534112153337,0.00000000162149999999997
55,"22/04/24-00:07:05",0,9.08,1.36,2.14,16.18,13.93,13.01,6.68,0.106,24.0145000000001,0.241188188798659,0.000000000540499999999989
56,"22/04/24-00:22:05",0,9.07,1.38,2.15,16.21,13.92,13.01,6.68,0.113,24.0249166666667,0.243534112153337,0
57,"22/04/24-00:37:05",0,9.06,1.38,2.16,16.2,13.95,13.01,6.68,0.108,24.0353333333334,0.245877668192396,-0.000000000540499999999989
58,"22/04/24-00:52:05",0,9.09,1.36,2.14,16.18,13.91,13.01,6.68,0.108,24.0457500000001,0.245877668192385,0.00000000108099999999998
59,"22/04/24-01:07:04",0,9.02,1.4,2.15,16.16,13.9,13.01,6.68,0.107,24.0561666666667,0.245877668192385,-0.00000000270250000000004
60,"22/04/24-01:22:04",0,9.06,1.37,2.16,16.2,13.93,13.01,6.68,0.113,24.0665833333334,0.248217813191264,-0.000000000540499999999989
61,"22/04/24-01:37:04",0,9.11,1.36,2.12,16.16,13.89,13.01,6.68,0.107,24.0770000000001,0.248217813191264,0.00000000216199999999995
62,"22/04/24-01:52:04",0,9.12,1.39,2.14,16.18,13.88,13.01,6.68,0.105,24.0874166666667,0.250553664770202,0.00000000270249999999994
63,"22/04/24-02:07:04",0,9.1,1.4,2.16,16.2,13.9,13.01,6.68,0.105,24.0978333333334,0.248217813191264,0.00000000162149999999997
64,"22/04/24-02:22:04",0,9.04,1.38,2.15,16.23,13.92,13,6.68,0.106,24.1082500000001,0.241188188798646,-0.00000000162150000000006
65,"22/04/24-02:37:04",0,9.06,1.36,2.15,16.19,13.92,13,6.68,0.104,24.1186666666667,0.236494221765239,-0.000000000540499999999989
66,"22/04/24-02:52:04",0,9.07,1.36,2.13,16.19,13.92,13,6.68,0.112,24.1290833333334,0.234149072260126,0
67,"22/04/24-03:07:04",0,9.04,1.37,2.15,16.22,13.95,13,6.68,0.106,24.1395000000001,0.22947088679372,-0.00000000162150000000006
68,"22/04/24-03:22:04",0,9.1,1.38,2.15,16.24,13.91,13,6.68,0.106,24.1499166666667,0.222514069362023,0.00000000162149999999997
69,"22/04/24-03:37:04",0,9.06,1.37,2.12,16.16,13.94,13,6.68,0.103,24.1603333333334,0.215686800528758,-0.000000000540499999999989
70,"22/04/24-03:52:04",0,9.02,1.37,2.14,16.15,13.91,13,6.68,0.105,24.1707500000001,0.21345260944245,-0.00000000270250000000004
71,"22/04/24-04:07:03",0,9.06,1.36,2.14,16.17,13.91,13,6.68,0.107,24.1811666666668,0.209065180288044,-0.000000000540499999999989
72,"22/04/24-04:22:03",0,9.08,1.39,2.13,16.17,13.9,13,6.68,0.114,24.1915833333334,0.206918708670758,0.000000000540499999999989
73,"22/04/24-04:37:03",0,9.06,1.36,2.14,16.2,13.92,13,6.68,0.108,24.2020000000001,0.200712252605594,-0.000000000540499999999989
74,"22/04/24-04:52:03",0,9.09,1.39,2.12,16.12,13.9,13,6.68,0.108,24.2124166666668,0.198734246621041,0.00000000108099999999998
75,"22/04/24-05:07:03",0,8.94,1.39,2.11,16.16,14.01,13,6.68,0.105,24.2228333333334,0.198734246621041,-0.00000000702650000000004
76,"22/04/24-05:22:03",0,9.05,1.39,2.14,16.13,13.92,13,6.68,0.113,24.2332500000001,0.198734246621041,-0.00000000108099999999998
77,"22/04/24-05:37:03",0,9.01,1.37,2.13,16.13,13.94,13,6.68,0.106,24.2436666666668,0.194939835423792,-0.00000000324300000000003
78,"22/04/24-05:52:03",0,9.04,1.36,2.15,16.22,13.91,13,6.68,0.105,24.2540833333334,0.196808630238068,-0.00000000162150000000006
79,"22/04/24-06:07:03",0,9.05,1.36,2.13,16.14,13.9,13,6.68,0.105,24.2645000000001,0.194939835423792,-0.00000000108099999999998
80,"22/04/24-06:22:03",0,9.06,1.37,2.17,16.24,13.92,13,6.68,0.106,24.2749166666668,0.196808630238068,-0.000000000540499999999989
81,"22/04/24-06:37:03",0,9.03,1.39,2.13,16.14,13.92,13,6.68,0.108,24.2853333333334,0.194939835423792,-0.00000000216200000000005
82,"22/04/24-06:52:03",0,9.01,1.39,2.12,16.14,13.93,13,6.68,0.104,24.2957500000001,0.194939835423792,-0.00000000324300000000003
83,"22/04/24-07:07:02",0,9.03,1.38,2.14,16.16,13.92,13,6.68,0.109,24.3061666666668,0.196808630238068,-0.00000000216200000000005
84,"22/04/24-07:22:02",0,9.04,1.37,2.12,16.15,13.95,13,6.68,0.108,24.3165833333334,0.200712252605594,-0.00000000162150000000006
85,"22/04/24-07:37:02",0,9.06,1.35,2.14,16.14,13.91,13,6.68,0.097,24.3270000000001,0.198734246621041,-0.000000000540499999999989
86,"22/04/24-07:52:02",0,9.03,1.38,2.15,16.24,13.94,13,6.68,0.106,24.3374166666668,0.200712252605594,-0.00000000216200000000005
87,"22/04/24-08:07:02",0,8.99,1.38,2.12,16.16,13.97,13,6.68,0.1,24.3478333333334,0.198734246621041,-0.000000004324
88,"22/04/24-08:22:02",0,9.05,1.39,2.14,16.13,13.91,13,6.68,0.114,24.3582500000001,0.200712252605594,-0.00000000108099999999998
89,"22/04/24-08:37:02",0,9.03,1.36,2.13,16.16,13.94,13,6.68,0.106,24.3686666666668,0.200712252605594,-0.00000000216200000000005
90,"22/04/24-08:52:02",0,9.05,1.36,2.14,16.18,13.92,13,6.68,0.108,24.3790833333334,0.196808630238068,-0.00000000108099999999998
91,"22/04/24-09:07:02",0,9.03,1.38,2.15,16.18,13.92,13,6.68,0.105,24.3895000000001,0.193132455490245,-0.00000000216200000000005
92,"22/04/24-09:22:02",0,9.06,1.36,2.12,16.2,13.93,13,6.68,0.108,24.3999166666668,0.194939835423792,-0.000000000540499999999989
93,"22/04/24-09:37:02",0,9.06,1.37,2.15,16.17,13.92,13,6.68,0.097,24.4103333333334,0.191391245094263,-0.000000000540499999999989
94,"22/04/24-09:52:02",0,9.07,1.37,2.16,16.15,13.92,13,6.68,0.108,24.4207500000001,0.191391245094263,0
95,"22/04/24-10:07:01",0,9.12,1.37,2.15,16.17,13.89,13,6.68,0.107,24.4311666666668,0.189721120237664,0.00000000270249999999994
96,"22/04/24-10:22:01",0,9.1,1.36,2.14,16.19,13.89,13,6.68,0.109,24.4415833333334,0.188127158267056,0.00000000162149999999997
97,"22/04/24-10:37:01",0,9.13,1.38,2.13,16.2,13.86,13,6.68,0.104,24.4520000000001,0.189721120237664,0.00000000324300000000003
98,"22/04/24-10:52:01",0,9.1,1.37,2.14,16.18,13.9,13,6.68,0.101,24.4624166666668,0.188127158267051,0.00000000162149999999997
99,"22/04/24-11:07:01",0,9.18,1.38,2.14,16.22,13.84,13,6.68,0.108,24.4728333333334,0.18661459787399,0.00000000594549999999997
100,"22/04/24-11:22:01",0,9.11,1.38,2.14,16.21,13.92,13,6.68,0.11,24.4832500000001,0.188127158267051,0.00000000216199999999995
101,"22/04/24-11:37:01",0,9.08,1.37,2.15,16.19,13.94,13,6.68,0.112,24.4936666666668,0.186614597874003,0.000000000540499999999989
102,"22/04/24-11:52:01",0,9.12,1.37,2.14,16.19,13.9,13,6.68,0.106,24.5040833333335,0.183855443311024,0.00000000270249999999994
103,"22/04/24-12:07:01",0,9.1,1.37,2.14,16.2,13.92,13,6.68,0.118,24.5145000000001,0.183855443311024,0.00000000162149999999997
104,"22/04/24-12:22:01",0,9.11,1.39,2.15,16.34,13.92,13,6.68,0.104,24.5249166666668,0.181488792978687,0.00000000216199999999995
105,"22/04/24-12:37:01",0,9.13,1.39,2.16,16.18,13.92,13,6.68,0.105,24.5353333333335,0.181488792978687,0.00000000324300000000003
106,"22/04/24-12:52:01",0,9.1,1.4,2.14,16.24,13.93,13,6.68,0.121,24.5457500000001,0.180467467917191,0.00000000162149999999997
107,"22/04/24-13:07:00",0,9.1,1.38,2.13,16.28,13.94,13.01,6.68,0.113,24.5561666666668,0.180467467917191,0.00000000162149999999997
108,"22/04/24-13:22:00",0,9.12,1.37,2.14,16.2,13.91,13.01,6.68,0.112,24.5665833333335,0.181488792978687,0.00000000270249999999994
109,"22/04/24-13:37:00",0,9.14,1.4,2.15,16.25,13.92,13.01,6.68,0.105,24.5770000000001,0.183855443311046,0.00000000378350000000002
110,"22/04/24-13:52:00",0,9.13,1.39,2.18,16.28,13.92,13.01,6.68,0.109,24.5874166666668,0.181488792978692,0.00000000324300000000003
111,"22/04/24-14:07:00",0,9.14,1.37,2.15,16.24,13.93,13.01,6.68,0.105,24.5978333333335,0.180467467917188,0.00000000378350000000002
112,"22/04/24-14:22:00",0,9.16,1.39,2.15,16.28,13.91,13.01,6.68,0.105,24.6082500000001,0.179562364824958,0.00000000486449999999999
113,"22/04/24-14:37:00",0,9.17,1.4,2.15,16.26,13.91,13.01,6.68,0.105,24.6186666666668,0.17877985180767,0.00000000540499999999998
114,"22/04/24-14:52:00",0,9.15,1.38,2.15,16.24,13.92,13.01,6.68,0.109,24.6290833333335,0.177608875145251,0.000000004324
115,"22/04/24-15:07:00",0,9.21,1.39,2.17,16.25,13.9,13.01,6.68,0.109,24.6395000000001,0.177008709673227,0.00000000756700000000003
116,"22/04/24-15:22:00",0,9.15,1.4,2.14,16.46,13.92,13.01,6.68,0.117,24.6499166666668,0.177036108653007,0.000000004324
117,"22/04/24-15:37:00",0,9.15,1.36,2.16,16.24,13.92,13.01,6.68,0.101,24.6603333333335,0.176940315687249,0.000000004324
118,"22/04/24-15:52:00",0,9.22,1.38,2.17,16.21,13.86,13.01,6.68,0.104,24.6707500000001,0.177008709673227,0.00000000810750000000002
119,"22/04/24-16:06:59",0,9.14,1.4,2.15,16.25,13.92,13.01,6.68,0.105,24.6811666666668,0.177008709673227,0.00000000378350000000002
120,"22/04/24-16:21:59",0,9.17,1.39,2.17,16.26,13.91,13.01,6.68,0.103,24.6915833333335,0.17723395443593,0.00000000540499999999998
121,"22/04/24-16:36:59",0,9.18,1.38,2.17,16.28,13.9,13.01,6.68,0.114,24.7020000000001,0.178126458315952,0.00000000594549999999997
122,"22/04/24-16:51:59",0,9.16,1.37,2.19,16.31,13.93,13.01,6.68,0.105,24.7124166666668,0.17877985180767,0.00000000486449999999999
123,"22/04/24-17:06:59",0,9.19,1.37,2.18,16.25,13.9,13.01,6.68,0.113,24.7228333333335,0.179562364824947,0.00000000648599999999996
124,"22/04/24-17:21:59",0,9.12,1.4,2.13,16.28,13.93,13.01,6.68,0.106,24.7332500000001,0.179562364824958,0.00000000270249999999994
125,"22/04/24-17:36:59",0,9.16,1.39,2.17,16.19,13.89,13.01,6.68,0.106,24.7436666666668,0.178126458315952,0.00000000486449999999999
126,"22/04/24-17:51:59",0,9.17,1.38,2.16,16.23,13.91,13.01,6.68,0.106,24.7540833333335,0.17877985180767,0.00000000540499999999998
127,"22/04/24-18:06:59",0,9.13,1.4,2.15,16.22,13.92,13.01,6.68,0.098,24.7645000000001,0.17877985180767,0.00000000324300000000003
128,"22/04/24-18:21:59",0,9.14,1.39,2.16,16.26,13.92,13.01,6.68,0.11,24.7749166666668,0.178126458315952,0.00000000378350000000002
129,"22/04/24-18:36:59",0,9.14,1.36,2.17,16.19,13.91,13.01,6.68,0.106,24.7853333333335,0.17877985180767,0.00000000378350000000002
130,"22/04/24-18:51:59",0,9.17,1.39,2.14,16.21,13.9,13.01,6.68,0.103,24.7957500000002,0.17877985180767,0.00000000540499999999998
131,"22/04/24-19:06:59",0,9.11,1.39,2.15,16.19,13.93,13.01,6.68,0.106,24.8061666666668,0.178126458315952,0.00000000216199999999995
132,"22/04/24-19:21:58",0,9.14,1.38,2.17,16.22,13.92,13.01,6.68,0.102,24.8165833333335,0.178126458315958,0.00000000378350000000002
133,"22/04/24-19:36:58",0,9.14,1.37,2.15,16.27,13.91,13.01,6.68,0.103,24.8270000000002,0.17723395443593,0.00000000378350000000002
134,"22/04/24-19:51:58",0,9.13,1.4,2.16,16.18,13.9,13.01,6.68,0.101,24.8374166666668,0.177008709673227,0.00000000324300000000003
135,"22/04/24-20:06:58",0,9.11,1.36,2.13,16.19,13.95,13.01,6.68,0.108,24.8478333333335,0.176940315687255,0.00000000216199999999995
136,"22/04/24-20:21:58",0,9.07,1.38,2.16,16.15,13.94,13.01,6.68,0.095,24.8582500000002,0.177750406864108,0
137,"22/04/24-20:36:58",0,9.1,1.39,2.15,16.18,13.92,13.01,6.68,0.104,24.8686666666668,0.178384391183869,0.00000000162149999999997
138,"22/04/24-20:51:58",0,9.11,1.37,2.15,16.18,13.91,13.01,6.68,0.105,24.8790833333335,0.178384391183869,0.00000000216199999999995
139,"22/04/24-21:06:58",0,9.13,1.37,2.15,16.3,13.91,13.01,6.68,0.116,24.8895000000002,0.178384391183869,0.00000000324300000000003
140,"22/04/24-21:21:58",0,9.11,1.38,2.14,16.17,13.91,13.01,6.68,0.107,24.8999166666668,0.177750406864117,0.00000000216199999999995
141,"22/04/24-21:36:58",0,9.11,1.38,2.15,16.16,13.9,13,6.68,0.101,24.9103333333335,0.179213520604172,0.00000000216199999999995
142,"22/04/24-21:51:58",0,9.08,1.38,2.12,16.21,13.93,13.01,6.68,0.109,24.9207500000002,0.180245938024441,0.000000000540499999999989
143,"22/04/24-22:06:58",0,9.07,1.34,2.14,16.17,13.94,13,6.68,0.106,24.9311666666668,0.180245938024441,0
144,"22/04/24-22:21:57",0,9.07,1.37,2.15,16.17,13.92,13,6.68,0.11,24.9415833333335,0.180245938024441,0
145,"22/04/24-22:36:57",0,9.08,1.37,2.13,16.21,13.93,13,6.68,0.109,24.9520000000002,0.180245938024441,0.000000000540499999999989
146,"22/04/24-22:51:57",0,9.05,1.39,2.15,16.09,13.91,13,6.68,0.106,24.9624166666668,0.177750406864117,-0.00000000108099999999998
147,"22/04/24-23:06:57",0,9.05,1.37,2.13,16.14,13.92,13,6.68,0.107,24.9728333333335,0.177750406864117,-0.00000000108099999999998
148,"22/04/24-23:21:57",0,9.03,1.38,2.13,16.19,13.93,13,6.68,0.106,24.9832500000002,0.177008709673228,-0.00000000216200000000005
149,"22/04/24-23:36:57",0,9.06,1.38,2.12,16.18,13.92,13,6.68,0.105,24.9936666666668,0.17723395443593,-0.000000000540499999999989
150,"22/04/24-23:51:57",0,9.02,1.38,2.13,16.31,13.93,13,6.68,0.106,25.0040833333335,0.178126458315952,-0.00000000270250000000004
151,"22/04/25-00:06:57",0,9.05,1.38,2.11,16.19,13.93,13,6.68,0.111,25.0145000000002,0.179562364824947,-0.00000000108099999999998
152,"22/04/25-00:21:57",0,9.05,1.38,2.1,16.14,13.9,13,6.68,0.107,25.0249166666668,0.180467467917191,-0.00000000108099999999998
153,"22/04/25-00:36:57",0,9,1.38,2.12,16.17,13.96,13,6.68,0.102,25.0353333333335,0.180467467917191,-0.00000000378350000000002
154,"22/04/25-00:51:57",0,9.02,1.38,2.11,16.22,13.91,13,6.68,0.099,25.0457500000002,0.182620133248615,-0.00000000270250000000004
155,"22/04/25-01:06:57",0,9.02,1.4,2.13,16.25,13.91,13,6.68,0.102,25.0561666666669,0.183855443311024,-0.00000000270250000000004
156,"22/04/25-01:21:56",0,9.05,1.38,2.13,16.16,13.92,13,6.68,0.103,25.0665833333335,0.18661459787399,-0.00000000108099999999998
157,"22/04/25-01:36:56",0,9.01,1.39,2.1,16.14,13.92,13,6.68,0.102,25.0770000000002,0.191391245094263,-0.00000000324300000000003
158,"22/04/25-01:51:56",0,9,1.38,2.12,16.13,13.94,13,6.68,0.106,25.0874166666669,0.194939835423792,-0.00000000378350000000002
159,"22/04/25-02:06:56",0,9.03,1.39,2.09,16.16,13.9,13,6.68,0.1,25.0978333333335,0.202738377569482,-0.00000000216200000000005
160,"22/04/25-02:21:56",0,8.99,1.39,2.11,16.17,13.92,13,6.68,0.1,25.1082500000002,0.209065180288044,-0.000000004324
161,"22/04/25-02:36:56",0,8.96,1.4,2.12,16.15,13.93,13,6.68,0.102,25.1186666666669,0.217943733895414,-0.00000000594549999999997
162,"22/04/25-02:51:56",0,8.98,1.36,2.13,16.11,13.95,13,6.68,0.106,25.1290833333335,0.224821995770214,-0.00000000486449999999999
163,"22/04/25-03:06:56",0,9,1.37,2.11,16.13,13.92,12.99,6.68,0.108,25.1395000000002,0.236494221765239,-0.00000000378350000000002
164,"22/04/25-03:21:56",0,9.01,1.39,2.12,16.12,13.92,12.99,6.68,0.106,25.1499166666669,0.245877668192385,-0.00000000324300000000003
165,"22/04/25-03:36:56",0,8.99,1.38,2.11,16.15,13.92,12.99,6.68,0.094,25.1603333333335,0.252884501894393,-0.000000004324
166,"22/04/25-03:51:56",0,9.01,1.38,2.1,16.18,13.91,12.99,6.68,0.098,25.1707500000002,0.262148932217801,-0.00000000324300000000003
167,"22/04/25-04:06:56",0,8.98,1.36,2.11,16.11,13.93,12.99,6.68,0.111,25.1811666666669,0.273597280517247,-0.00000000486449999999999
168,"22/04/25-04:21:56",0,8.97,1.41,2.12,16.19,13.94,12.99,6.69,0.101,25.1915833333335,0.282694645962357,-0.00000000540499999999998
169,"22/04/25-04:36:55",0,8.95,1.35,2.09,16.14,13.95,12.99,6.68,0.092,25.2020000000002,0.296438922334676,-0.00000000648600000000005
170,"22/04/25-04:51:55",0,8.99,1.39,2.08,16.14,13.93,12.99,6.69,0.102,25.2124166666669,0.308277168562522,-0.000000004324
171,"22/04/25-05:06:55",0,8.97,1.36,2.11,16.07,13.93,12.99,6.69,0.099,25.2228333333335,0.320858401061795,-0.00000000540499999999998
172,"22/04/25-05:21:55",0,8.95,1.39,2.09,16.27,13.92,12.99,6.69,0.103,25.2332500000002,0.337611926562423,-0.00000000648600000000005
173,"22/04/25-05:36:55",0,8.98,1.37,2.12,16.12,13.91,12.99,6.69,0.104,25.2436666666669,0.353640225975964,-0.00000000486449999999999
174,"22/04/25-05:51:55",0,9,1.4,2.09,16.29,13.91,12.99,6.69,0.097,25.2540833333335,0.368309996276851,-0.00000000378350000000002
175,"22/04/25-06:06:55",0,8.99,1.38,2.11,16.26,13.9,12.99,6.69,0.104,25.2645000000002,0.394343873575272,-0.000000004324
176,"22/04/25-06:21:55",0,8.94,1.38,2.11,16.32,13.94,12.99,6.69,0.116,25.2749166666669,0.420714597307102,-0.00000000702650000000004
177,"22/04/25-06:36:55",0,8.95,1.37,2.14,16.33,13.91,12.99,6.69,0.104,25.2853333333335,0.466798917138323,-0.00000000648600000000005
178,"22/04/25-06:51:55",0,8.99,1.4,2.1,16.36,13.93,12.99,6.69,0.11,25.2957500000002,0.507786077898351,-0.000000004324
179,"22/04/25-07:06:55",0,9.03,1.38,2.1,16.68,13.92,12.99,6.69,0.103,25.3061666666669,0.556893062652102,-0.00000000216200000000005
180,"22/04/25-07:21:55",0,9.01,1.4,2.11,16.99,13.91,12.99,6.69,0.103,25.3165833333335,0.615461677873961,-0.00000000324300000000003
181,"22/04/25-07:36:54",0,9.05,1.38,2.14,17.25,13.93,12.99,6.69,0.105,25.3270000000002,0.684934570589834,-0.00000000108099999999998
182,"22/04/25-07:51:54",0,9.46,1.42,2.27,18.96,13.91,12.99,6.69,0.105,25.3374166666669,0.732490255281525,0.0000000210795
183,"22/04/25-08:06:54",0,9.25,1.4,2.13,19.74,13.92,12.99,6.69,0.099,25.3478333333336,0.766855228376755,0.00000000972899999999999
184,"22/04/25-08:21:54",0,9.71,1.42,2.18,19.5,13.93,12.99,6.69,0.109,25.3582500000002,0.784876017824189,0.000000034592
185,"22/04/25-08:36:54",0,11.66,1.44,2.14,20.73,13.9,12.99,6.69,0.104,25.3686666666669,0.822662395817466,0.0000001399895
186,"22/04/25-08:51:54",0,18.97,1.62,2.2,23.82,13.93,12.99,6.69,0.105,25.3790833333336,0.822662395817466,0.000000535095
187,"22/04/25-09:06:54",0,48.08,2.15,2.39,35.98,13.92,12.99,6.69,0.105,25.3895000000002,0.842455745717152,0.0000021084905
188,"22/04/25-09:21:54",0,119.46,3.31,2.79,44.57,13.92,12.99,6.69,0.113,25.3999166666669,0.86286797936306,0.0000059665795
189,"22/04/25-09:36:54",0,256.61,5.32,3.52,45.59,13.87,12.99,6.7,0.102,25.4103333333336,0.905606395395205,0.000013379537
190,"22/04/25-09:51:54",0,493.55,8.81,4.79,42.08,13.92,12.98,6.7,0.107,25.4207500000002,0.950993852366026,0.000026186144
191,"22/04/25-10:06:54",0,661.9,11.29,5.64,42.06,13.92,12.98,6.7,0.103,25.4311666666669,0.950993852366017,0.0000352854615
192,"22/04/25-10:21:54",0,662.09,11.26,5.67,41.57,13.91,12.98,6.7,0.108,25.4415833333336,0.927961629894469,0.000035295731
193,"22/04/25-10:36:53",0,632.04,10.84,5.53,41.22,13.93,12.98,6.7,0.11,25.4520000000002,0.999149140245851,0.0000336715285
194,"22/04/25-10:51:53",0,584.93,10.11,5.27,38.44,13.9,12.98,6.7,0.098,25.4624166666669,0.999149140245851,0.000031125233
195,"22/04/25-11:06:53",0,495.4,8.78,4.83,36.21,13.88,12.98,6.7,0.103,25.4728333333336,0.999149140245851,0.0000262861365
196,"22/04/25-11:21:53",0,391.15,7.24,4.27,34.18,13.92,12.98,6.7,0.097,25.4832500000002,0.950993852366017,0.000020651424
197,"22/04/25-11:36:53",0,306.67,5.98,3.82,32.62,13.93,12.98,6.7,0.094,25.4936666666669,0.905606395395222,0.00001608528
198,"22/04/25-11:51:53",0,243.61,5.01,3.53,31.03,13.91,12.98,6.7,0.098,25.5040833333336,0.92796162989446,0.000012676887
199,"22/04/25-12:06:53",0,197.97,4.32,3.27,30.51,13.92,12.98,6.7,0.107,25.5145000000002,0.905606395395222,0.000010210045
200,"22/04/25-12:21:53",0,165.84,3.82,3.12,29.15,13.89,12.98,6.7,0.094,25.5249166666669,0.842455745717152,0.0000084734185
201,"22/04/25-12:36:53",0,142.42,3.48,3.03,26.67,13.92,12.98,6.7,0.104,25.5353333333336,0.842455745717152,0.0000072075675
202,"22/04/25-12:51:53",0,124.38,3.22,2.94,26.04,13.92,12.98,6.7,0.109,25.5457500000002,0.82266239581744,0.0000062325055
203,"22/04/25-13:06:53",0,110.8,2.99,2.88,24.46,13.93,12.98,6.69,0.103,25.5561666666669,0.80347380696958,0.0000054985065
204,"22/04/25-13:21:53",0,100.14,2.84,2.81,24.5,13.92,12.98,6.69,0.103,25.5665833333336,0.803473806969632,0.0000049223335
205,"22/04/25-13:36:53",0,91.31,2.66,2.78,23.68,13.97,12.98,6.69,0.1,25.5770000000002,0.766855228376755,0.000004445072
206,"22/04/25-13:51:52",0,84.65,2.58,2.79,22.21,13.91,12.99,6.69,0.106,25.5874166666669,0.749397799967423,0.000004085099
207,"22/04/25-14:06:52",0,78.73,2.48,2.75,22.05,13.93,12.99,6.69,0.102,25.5978333333336,0.732490255281525,0.000003765123
208,"22/04/25-14:21:52",0,73.9,2.4,2.76,22.23,13.94,12.99,6.69,0.102,25.6082500000002,0.684934570589834,0.0000035040615
209,"22/04/25-14:36:52",0,69.9,2.34,2.71,21.35,13.92,12.99,6.69,0.102,25.6186666666669,0.670095014547326,0.0000032878615
210,"22/04/25-14:51:52",0,66.86,2.31,2.75,20.78,13.91,12.99,6.69,0.104,25.6290833333336,0.641858145185066,0.0000031235495
211,"22/04/25-15:06:52",0,64.74,2.28,2.74,20.93,13.92,12.99,6.69,0.101,25.6395000000002,0.615461677873961,0.0000030089635
212,"22/04/25-15:21:52",0,63.32,2.21,2.71,20.17,13.93,12.99,6.69,0.099,25.6499166666669,0.602923229438838,0.0000029322125
213,"22/04/25-15:36:52",0,62.31,2.22,2.73,19.86,13.93,12.99,6.69,0.102,25.6603333333336,0.602923229438838,0.000002877622
214,"22/04/25-15:51:52",0,61.7,2.24,2.73,20.22,13.91,12.99,6.69,0.098,25.6707500000003,0.628435974719102,0.0000028446515
215,"22/04/25-16:06:52",0,61.41,2.19,2.75,20.15,13.95,12.99,6.69,0.109,25.6811666666669,0.615461677873961,0.000002828977
216,"22/04/25-16:21:52",0,61.51,2.22,2.75,19.8,13.94,12.99,6.68,0.103,25.6915833333336,0.602923229438838,0.000002834382
217,"22/04/25-16:36:52",0,61.88,2.22,2.78,19.83,13.93,12.99,6.68,0.102,25.7020000000003,0.615461677873961,0.0000028543805
218,"22/04/25-16:51:51",0,62.3,2.23,2.76,19.89,13.91,12.99,6.68,0.104,25.7124166666669,0.615461677873961,0.0000028770815
219,"22/04/25-17:06:51",0,62.93,2.21,2.78,19.66,13.9,12.99,6.68,0.107,25.7228333333336,0.590808765547717,0.000002911133
220,"22/04/25-17:21:51",0,63.65,2.24,2.75,19.92,13.92,12.99,6.68,0.107,25.7332500000003,0.590808765547717,0.000002950049
221,"22/04/25-17:36:51",0,64.36,2.27,2.77,19.74,13.92,12.99,6.68,0.101,25.7436666666669,0.556893062652102,0.0000029884245
222,"22/04/25-17:51:51",0,65.25,2.25,2.78,19.37,13.91,12.99,6.68,0.108,25.7540833333336,0.556893062652102,0.000003036529
223,"22/04/25-18:06:51",0,66.22,2.29,2.79,19.32,13.92,12.99,6.68,0.103,25.7645000000003,0.526381610586355,0.0000030889575
224,"22/04/25-18:21:51",0,66.99,2.28,2.78,19.03,13.92,12.99,6.68,0.103,25.7749166666669,0.507786077898342,0.000003130576
225,"22/04/25-18:36:51",0,67.54,2.3,2.84,19.49,13.9,12.99,6.68,0.108,25.7853333333336,0.490488587635159,0.0000031603035
226,"22/04/25-18:51:51",0,67.97,2.3,2.8,19.47,13.9,12.99,6.68,0.099,25.7957500000003,0.474407781839147,0.000003183545
227,"22/04/25-19:06:51",0,68.35,2.28,2.8,19.32,13.89,12.98,6.68,0.103,25.8061666666669,0.466798917138382,0.000003204084
228,"22/04/25-19:21:51",0,68.6,2.32,2.81,19.02,13.91,12.98,6.68,0.107,25.8165833333336,0.452396238943308,0.0000032175965
229,"22/04/25-19:36:51",0,68.99,2.31,2.82,19.18,13.91,12.98,6.68,0.103,25.8270000000003,0.432690614448964,0.000003238676
230,"22/04/25-19:51:51",0,69.52,2.32,2.86,19.42,13.94,12.98,6.67,0.108,25.8374166666669,0.439018144462949,0.0000032673225
231,"22/04/25-20:06:50",0,70.18,2.34,2.86,19.33,13.91,12.98,6.67,0.105,25.8478333333336,0.439018144463009,0.0000033029955
232,"22/04/25-20:21:50",0,70.89,2.33,2.87,18.94,13.94,12.98,6.67,0.112,25.8582500000003,0.426592311053099,0.000003341371
233,"22/04/25-20:36:50",0,71.6,2.34,2.87,19.09,13.95,12.98,6.67,0.11,25.8686666666669,0.426592311053099,0.0000033797465
234,"22/04/25-20:51:50",0,72.07,2.38,2.87,19.12,13.91,12.98,6.67,0.108,25.8790833333336,0.409587197615829,0.00000340515
235,"22/04/25-21:06:50",0,72.25,2.37,2.88,18.96,13.93,12.98,6.67,0.1,25.8895000000003,0.409587197615829,0.000003414879
236,"22/04/25-21:21:50",0,72.32,2.37,2.92,18.91,13.93,12.98,6.67,0.106,25.8999166666669,0.409587197615829,0.0000034186625
237,"22/04/25-21:36:50",0,72.05,2.36,2.91,18.83,13.93,12.98,6.67,0.101,25.9103333333336,0.404321044458268,0.000003404069
238,"22/04/25-21:51:50",0,71.49,2.38,2.92,19.2,13.92,12.98,6.67,0.104,25.9207500000003,0.399242546526065,0.000003373801
239,"22/04/25-22:06:50",0,70.69,2.33,2.9,18.91,13.94,12.98,6.67,0.108,25.9311666666669,0.394343873575272,0.000003330561
240,"22/04/25-22:21:50",0,69.72,2.35,2.89,19.24,13.89,12.98,6.67,0.098,25.9415833333336,0.389617356706944,0.0000032781325
241,"22/04/25-22:36:50",0,68.55,2.32,2.92,19.04,13.93,12.98,6.67,0.1,25.9520000000003,0.394343873575272,0.000003214894
242,"22/04/25-22:51:50",0,67.28,2.3,2.91,18.81,13.92,12.97,6.67,0.1,25.962416666667,0.385055488366865,0.0000031462505
243,"22/04/25-23:06:49",0,65.82,2.27,2.9,19,13.93,12.97,6.67,0.105,25.9728333333336,0.380650922345745,0.0000030673375
244,"22/04/25-23:21:49",0,64.42,2.25,2.92,18.91,13.94,12.97,6.67,0.105,25.9832500000003,0.376396473779242,0.0000029916675
245,"22/04/25-23:36:49",0,63.22,2.22,2.92,18.85,13.92,12.97,6.67,0.104,25.993666666667,0.372285119147827,0.0000029268075
246,"22/04/25-23:51:49",0,62.12,2.22,2.92,19.09,13.9,12.97,6.67,0.104,26.0040833333336,0.376396473779212,0.0000028673525
247,"22/04/26-00:06:49",0,61.09,2.21,2.9,18.85,13.92,12.97,6.67,0.105,26.0145000000003,0.368309996276851,0.000002811681
248,"22/04/26-00:21:49",0,60.03,2.2,2.93,18.98,13.95,12.97,6.67,0.105,26.024916666667,0.360741803842217,0.000002754388
249,"22/04/26-00:36:49",0,59.05,2.18,2.92,18.93,13.92,12.97,6.67,0.102,26.0353333333336,0.357135816653688,0.000002701419
250,"22/04/26-00:51:49",0,57.98,2.13,2.93,19.21,13.93,12.97,6.67,0.105,26.0457500000003,0.357135816653688,0.0000026435855
251,"22/04/26-01:06:49",0,56.94,2.13,2.93,18.88,13.94,12.97,6.67,0.102,26.056166666667,0.350248976358836,0.0000025873735
252,"22/04/26-01:21:49",0,55.95,2.14,2.92,19.12,13.93,12.97,6.67,0.106,26.0665833333336,0.346956173696884,0.000002533864
253,"22/04/26-01:36:49",0,55.05,2.13,2.94,19.28,13.93,12.96,6.67,0.109,26.0770000000003,0.343756085229748,0.000002485219
254,"22/04/26-01:51:49",0,54.28,2.1,2.94,19.27,13.92,12.96,6.67,0.103,26.087416666667,0.350248976358836,0.0000024436005
255,"22/04/26-02:06:48",0,53.65,2.11,2.95,19.05,13.93,12.96,6.67,0.102,26.0978333333336,0.353640225975985,0.000002409549
256,"22/04/26-02:21:48",0,53.26,2.09,2.97,19.26,13.9,12.96,6.67,0.108,26.1082500000003,0.360741803842204,0.0000023884695
257,"22/04/26-02:36:48",0,52.92,2.11,2.98,19.26,13.93,12.96,6.67,0.101,26.118666666667,0.360741803842217,0.0000023700925
258,"22/04/26-02:51:48",0,52.68,2.11,2.97,19.27,13.92,12.96,6.67,0.102,26.1290833333336,0.368309996276817,0.0000023571205
259,"22/04/26-03:06:48",0,52.36,2.09,2.99,19.41,13.9,12.96,6.67,0.105,26.1395000000003,0.364464404336594,0.0000023398245
260,"22/04/26-03:21:48",0,51.92,2.07,2.97,19.28,13.94,12.96,6.67,0.105,26.149916666667,0.357135816653688,0.0000023160425
261,"22/04/26-03:36:48",0,51.43,2.07,3,19.2,13.93,12.96,6.67,0.109,26.1603333333336,0.353640225975964,0.000002289558
262,"22/04/26-03:51:48",0,50.74,2.06,3.02,19.54,13.92,12.96,6.67,0.101,26.1707500000003,0.346956173696884,0.0000022522635
263,"22/04/26-04:06:48",0,49.9,2.07,3.01,19.28,13.9,12.96,6.67,0.104,26.181166666667,0.340643139541817,0.0000022068615
264,"22/04/26-04:21:48",0,49.03,2.07,3.02,19.33,13.93,12.96,6.67,0.099,26.1915833333336,0.334657197565751,0.000002159838
265,"22/04/26-04:36:48",0,47.92,2.05,3.01,19.4,13.95,12.95,6.67,0.102,26.2020000000003,0.326201847387237,0.0000020998425
266,"22/04/26-04:51:48",0,46.78,2.03,3,19.29,13.91,12.95,6.67,0.101,26.212416666667,0.3208584010618,0.0000020382255
267,"22/04/26-05:06:47",0,45.59,1.99,3.03,19.44,13.87,12.95,6.67,0.098,26.2228333333336,0.320858401061795,0.000001973906
268,"22/04/26-05:21:47",0,44.34,2,3,19.44,13.92,12.95,6.67,0.103,26.2332500000003,0.315708635562947,0.0000019063435
269,"22/04/26-05:36:47",0,43.27,1.96,3,19.6,13.91,12.95,6.67,0.099,26.243666666667,0.310720241777122,0.00000184851
270,"22/04/26-05:51:47",0,42.28,1.95,3.01,19.78,13.92,12.95,6.67,0.097,26.2540833333337,0.308277168562517,0.0000017950005
271,"22/04/26-06:06:47",0,41.43,1.94,3.01,19.11,13.89,12.95,6.67,0.103,26.2645000000003,0.303475899829344,0.000001749058
272,"22/04/26-06:21:47",0,40.59,1.95,3.03,19.41,13.9,12.95,6.67,0.104,26.274916666667,0.301111240481231,0.000001703656
273,"22/04/26-06:36:47",0,39.76,1.92,3,19.49,13.91,12.95,6.67,0.104,26.2853333333337,0.305863492109,0.0000016587945
274,"22/04/26-06:51:47",0,38.95,1.91,3.01,19.39,13.92,12.95,6.67,0.097,26.2957500000003,0.305863492109,0.000001615014
275,"22/04/26-07:06:47",0,38.17,1.88,3,19.31,13.92,12.95,6.67,0.101,26.306166666667,0.305863492109,0.000001572855
276,"22/04/26-07:21:47",0,37.41,1.91,3.01,19.22,13.93,12.95,6.67,0.092,26.3165833333337,0.308277168562517,0.000001531777
277,"22/04/26-07:36:47",0,36.72,1.85,3.02,19.34,13.92,12.95,6.67,0.1,26.3270000000003,0.305863492109,0.0000014944825
278,"22/04/26-07:51:47",0,36.07,1.84,3.01,19.21,13.92,12.95,6.67,0.102,26.337416666667,0.308277168562517,0.00000145935
279,"22/04/26-08:06:46",0,35.43,1.84,3.02,19.26,13.94,12.95,6.67,0.096,26.3478333333337,0.308277168562517,0.000001424758
280,"22/04/26-08:21:46",0,34.86,1.85,3.04,19.12,13.93,12.95,6.67,0.1,26.3582500000003,0.303475899829344,0.0000013939495
281,"22/04/26-08:36:46",0,34.33,1.84,3.02,19.23,13.9,12.95,6.67,0.099,26.368666666667,0.296438922334693,0.000001365303
282,"22/04/26-08:51:46",0,33.75,1.82,3.03,19.29,13.95,12.95,6.67,0.096,26.3790833333337,0.294125767775988,0.000001333954
283,"22/04/26-09:06:46",0,33.34,1.81,3.02,19.12,13.87,12.94,6.67,0.107,26.3895000000003,0.291824554628296,0.0000013117935
284,"22/04/26-09:21:46",0,32.79,1.83,3.01,19,13.93,12.95,6.67,0.104,26.399916666667,0.289532938373681,0.000001282066
285,"22/04/26-09:36:46",0,32.35,1.79,3.04,19.28,13.91,12.95,6.67,0.101,26.4103333333337,0.289532938373681,0.000001258284
286,"22/04/26-09:51:46",0,31.91,1.79,3.05,19.34,13.91,12.95,6.67,0.1,26.4207500000003,0.287248735839118,0.000001234502
287,"22/04/26-10:06:46",0,31.49,1.79,3.06,19.02,13.93,12.95,6.67,0.102,26.431166666667,0.284969925196438,0.000001211801
288,"22/04/26-10:21:46",0,31.14,1.8,3.05,19.04,13.9,12.95,6.67,0.108,26.4415833333337,0.291824554628296,0.0000011928835
289,"22/04/26-10:36:46",0,30.83,1.8,3.04,19.06,13.91,12.95,6.67,0.095,26.4520000000003,0.287248735839118,0.000001176128
290,"22/04/26-10:51:46",0,30.58,1.77,3.04,18.99,13.89,12.95,6.67,0.097,26.462416666667,0.284969925196438,0.0000011626155
291,"22/04/26-11:06:45",0,30.34,1.75,3.06,19.24,13.91,12.95,6.67,0.103,26.4728333333337,0.282694645962357,0.0000011496435
292,"22/04/26-11:21:45",0,30.07,1.77,3.06,19.06,13.93,12.95,6.67,0.102,26.4832500000003,0.278148046511258,0.00000113505
293,"22/04/26-11:36:45",0,29.84,1.78,3.06,19.13,13.95,12.96,6.67,0.1,26.493666666667,0.275873812052093,0.0000011226185
294,"22/04/26-11:51:45",0,29.65,1.77,3.05,19.05,13.94,12.96,6.67,0.098,26.5040833333337,0.273597280517221,0.000001112349
295,"22/04/26-12:06:45",0,29.54,1.77,3.06,19.06,13.93,12.96,6.67,0.104,26.5145000000004,0.269033272529801,0.0000011064035
296,"22/04/26-12:21:45",0,29.48,1.76,3.06,18.99,13.92,12.96,6.67,0.1,26.524916666667,0.271317398147791,0.0000011031605
297,"22/04/26-12:36:45",0,29.41,1.75,3.06,18.86,13.91,12.96,6.67,0.098,26.5353333333337,0.269033272529801,0.000001099377
298,"22/04/26-12:51:45",0,29.3,1.78,3.06,18.84,13.94,12.96,6.67,0.094,26.5457500000004,0.271317398147791,0.0000010934315
299,"22/04/26-13:06:45",0,29.39,1.75,3.06,18.85,13.9,12.96,6.67,0.097,26.556166666667,0.271317398147791,0.000001098296
300,"22/04/26-13:21:45",0,29.41,1.76,3.07,18.87,13.93,12.96,6.67,0.102,26.5665833333337,0.271317398147791,0.000001099377
301,"22/04/26-13:36:45",0,29.43,1.78,3.09,18.97,13.92,12.96,6.67,0.095,26.5770000000004,0.269033272529801,0.000001100458
302,"22/04/26-13:51:45",0,29.53,1.79,3.08,19.03,13.9,12.96,6.67,0.099,26.587416666667,0.266744172594149,0.000001105863
303,"22/04/26-14:06:45",0,29.53,1.77,3.06,19.14,13.92,12.96,6.67,0.107,26.5978333333337,0.264449528616584,0.000001105863
304,"22/04/26-14:21:44",0,29.62,1.75,3.07,19.06,13.9,12.96,6.67,0.097,26.6082500000004,0.262148932217801,0.0000011107275
305,"22/04/26-14:36:44",0,29.68,1.76,3.06,18.9,13.9,12.96,6.67,0.102,26.618666666667,0.259842136363324,0.0000011139705
306,"22/04/26-14:51:44",0,29.78,1.74,3.08,19.01,13.9,12.96,6.67,0.105,26.6290833333337,0.257529055363604,0.0000011193755
307,"22/04/26-15:06:44",0,29.77,1.78,3.07,19.1,13.93,12.96,6.67,0.102,26.6395000000004,0.255209764873883,0.000001118835
308,"22/04/26-15:21:44",0,29.81,1.77,3.07,18.83,13.94,12.96,6.67,0.105,26.649916666667,0.255209764873883,0.000001120997
309,"22/04/26-15:36:44",0,29.83,1.79,3.08,18.83,13.91,12.96,6.67,0.105,26.6603333333337,0.252884501894393,0.000001122078
310,"22/04/26-15:51:44",0,29.81,1.75,3.07,19,13.91,12.96,6.67,0.109,26.6707500000004,0.252884501894393,0.000001120997
311,"22/04/26-16:06:44",0,29.73,1.8,3.09,18.84,13.9,12.96,6.67,0.107,26.681166666667,0.252884501894393,0.000001116673
312,"22/04/26-16:21:44",0,29.62,1.77,3.09,18.84,13.9,12.96,6.67,0.099,26.6915833333337,0.250553664770202,0.0000011107275
313,"22/04/26-16:36:44",0,29.47,1.77,3.09,18.74,13.91,12.96,6.67,0.108,26.7020000000004,0.248217813191264,0.00000110262
314,"22/04/26-16:51:44",0,29.32,1.74,3.1,18.78,13.9,12.96,6.67,0.104,26.712416666667,0.243534112153337,0.0000010945125
315,"22/04/26-17:06:44",0,29.13,1.75,3.07,18.52,13.9,12.96,6.67,0.101,26.7228333333337,0.243534112153337,0.000001084243
316,"22/04/26-17:21:43",0,28.99,1.75,3.1,18.76,13.91,12.96,6.67,0.108,26.7332500000004,0.245877668192385,0.000001076676
317,"22/04/26-17:36:43",0,28.81,1.76,3.06,18.64,13.92,12.96,6.67,0.105,26.743666666667,0.238841103197831,0.000001066947
318,"22/04/26-17:51:43",0,28.59,1.75,3.07,18.64,13.94,12.96,6.67,0.103,26.7540833333337,0.236494221765239,0.000001055056
319,"22/04/26-18:06:43",0,28.42,1.75,3.07,18.88,13.91,12.96,6.67,0.101,26.7645000000004,0.231807343786635,0.0000010458675
320,"22/04/26-18:21:43",0,28.23,1.72,3.07,18.66,13.91,12.96,6.67,0.108,26.774916666667,0.231807343786635,0.000001035598
321,"22/04/26-18:36:43",0,28,1.75,3.09,18.6,13.92,12.96,6.67,0.106,26.7853333333337,0.234149072260126,0.0000010231665
322,"22/04/26-18:51:43",0,27.94,1.75,3.07,18.52,13.84,12.96,6.67,0.11,26.7957500000004,0.231807343786626,0.0000010199235
323,"22/04/26-19:06:43",0,27.67,1.72,3.09,18.77,13.93,12.96,6.67,0.101,26.806166666667,0.22714171307535,0.00000100533
324,"22/04/26-19:21:43",0,27.47,1.75,3.07,18.62,13.95,12.96,6.67,0.109,26.8165833333337,0.22714171307535,0.00000099452
325,"22/04/26-19:36:43",0,27.31,1.72,3.07,18.47,13.93,12.96,6.67,0.104,26.8270000000004,0.22714171307535,0.000000985872
326,"22/04/26-19:51:43",0,27.18,1.74,3.09,18.59,13.92,12.96,6.67,0.107,26.8374166666671,0.231807343786628,0.0000009788455
327,"22/04/26-20:06:43",0,27.06,1.73,3.07,18.47,13.91,12.96,6.67,0.106,26.8478333333337,0.231807343786635,0.0000009723595
328,"22/04/26-20:21:43",0,26.93,1.72,3.1,18.5,13.91,12.96,6.67,0.105,26.8582500000004,0.23414907226013,0.000000965333
329,"22/04/26-20:36:42",0,26.8,1.71,3.09,18.55,13.96,12.96,6.67,0.102,26.8686666666671,0.236494221765239,0.0000009583065
330,"22/04/26-20:51:42",0,26.73,1.72,3.08,18.45,13.92,12.95,6.67,0.107,26.8790833333337,0.236494221765239,0.000000954523
331,"22/04/26-21:06:42",0,26.69,1.74,3.09,18.5,13.93,12.95,6.67,0.103,26.8895000000004,0.241188188798659,0.000000952361
332,"22/04/26-21:21:42",0,26.59,1.71,3.07,18.59,13.92,12.95,6.67,0.104,26.8999166666671,0.241188188798659,0.000000946956
333,"22/04/26-21:36:42",0,26.54,1.73,3.09,18.5,13.92,12.95,6.67,0.105,26.9103333333337,0.243534112153337,0.0000009442535
334,"22/04/26-21:51:42",0,26.52,1.71,3.09,18.63,13.9,12.95,6.67,0.109,26.9207500000004,0.245877668192396,0.0000009431725
335,"22/04/26-22:06:42",0,26.45,1.69,3.06,18.51,13.94,12.95,6.67,0.102,26.9311666666671,0.245877668192385,0.000000939389
336,"22/04/26-22:21:42",0,26.42,1.74,3.07,18.56,13.93,12.95,6.67,0.112,26.9415833333337,0.245877668192385,0.0000009377675
337,"22/04/26-22:36:42",0,26.42,1.72,3.09,18.73,13.92,12.95,6.67,0.105,26.9520000000004,0.250553664770202,0.0000009377675
338,"22/04/26-22:51:42",0,26.44,1.69,3.08,18.46,13.92,12.95,6.67,0.121,26.9624166666671,0.250553664770202,0.0000009388485
339,"22/04/26-23:06:42",0,26.46,1.72,3.09,18.23,13.94,12.95,6.67,0.105,26.9728333333337,0.250553664770202,0.0000009399295
340,"22/04/26-23:21:42",0,26.49,1.73,3.07,18.38,13.91,12.94,6.67,0.104,26.9832500000004,0.248217813191264,0.000000941551
341,"22/04/26-23:36:41",0,26.51,1.72,3.06,18.47,13.92,12.94,6.67,0.109,26.9936666666671,0.248217813191264,0.000000942632
342,"22/04/26-23:51:41",0,26.6,1.71,3.06,18.45,13.94,12.94,6.67,0.105,27.0040833333337,0.245877668192385,0.0000009474965
343,"22/04/27-00:06:41",0,26.66,1.71,3.06,18.33,13.94,12.94,6.67,0.103,27.0145000000004,0.245877668192385,0.0000009507395
344,"22/04/27-00:21:41",0,26.8,1.71,3.06,18.35,13.91,12.94,6.67,0.104,27.0249166666671,0.245877668192396,0.0000009583065
345,"22/04/27-00:36:41",0,26.87,1.71,3.04,18.17,13.93,12.94,6.67,0.105,27.0353333333337,0.248217813191264,0.00000096209
346,"22/04/27-00:51:41",0,27.03,1.71,3.07,18.42,13.92,12.94,6.67,0.107,27.0457500000004,0.252884501894393,0.000000970738
347,"22/04/27-01:06:41",0,27.23,1.71,3.07,18.18,13.91,12.94,6.67,0.104,27.0561666666671,0.252884501894393,0.000000981548
348,"22/04/27-01:21:41",0,27.39,1.71,3.06,18.24,13.92,12.93,6.67,0.113,27.0665833333337,0.257529055363604,0.000000990196
349,"22/04/27-01:36:41",0,27.55,1.71,3.07,18.19,13.93,12.93,6.67,0.105,27.0770000000004,0.259842136363324,0.000000998844
350,"22/04/27-01:51:41",0,27.73,1.71,3.08,18.24,13.93,12.93,6.67,0.109,27.0874166666671,0.255209764873872,0.000001008573
351,"22/04/27-02:06:41",0,27.96,1.73,3.05,18.31,13.93,12.93,6.67,0.106,27.0978333333337,0.250553664770209,0.0000010210045
352,"22/04/27-02:21:41",0,28.16,1.75,3.05,18.37,13.92,12.93,6.67,0.1,27.1082500000004,0.248217813191264,0.0000010318145
353,"22/04/27-02:36:40",0,28.34,1.72,3.06,18.35,13.92,12.93,6.67,0.106,27.1186666666671,0.245877668192385,0.0000010415435
354,"22/04/27-02:51:40",0,28.53,1.75,3.06,18.16,13.89,12.93,6.67,0.107,27.1290833333338,0.243534112153337,0.000001051813
355,"22/04/27-03:06:40",0,28.62,1.74,3.07,18.22,13.93,12.92,6.67,0.1,27.1395000000004,0.234149072260138,0.0000010566775
356,"22/04/27-03:21:40",0,28.74,1.72,3.06,18.2,13.91,12.92,6.67,0.106,27.1499166666671,0.22947088679372,0.0000010631635
357,"22/04/27-03:36:40",0,28.75,1.75,3.06,18.2,13.9,12.92,6.67,0.102,27.1603333333338,0.231807343786626,0.000001063704
358,"22/04/27-03:51:40",0,28.75,1.76,3.06,18.06,13.88,12.92,6.67,0.11,27.1707500000004,0.236494221765233,0.000001063704
359,"22/04/27-04:06:40",0,28.65,1.74,3.04,18.08,13.94,12.92,6.67,0.109,27.1811666666671,0.234149072260138,0.000001058299
360,"22/04/27-04:21:40",0,28.53,1.73,3.07,18.13,13.93,12.92,6.67,0.107,27.1915833333338,0.231807343786635,0.000001051813
361,"22/04/27-04:36:40",0,28.38,1.73,3.05,18.21,13.92,12.92,6.67,0.113,27.2020000000004,0.231807343786626,0.0000010437055
362,"22/04/27-04:51:40",0,28.22,1.73,3.06,17.99,13.91,12.92,6.67,0.101,27.2124166666671,0.234149072260138,0.0000010350575
363,"22/04/27-05:06:40",0,27.96,1.74,3.03,18.19,13.92,12.91,6.67,0.106,27.2228333333338,0.236494221765243,0.0000010210045
364,"22/04/27-05:21:40",0,27.69,1.71,3.03,18.11,13.93,12.91,6.67,0.109,27.2332500000004,0.238841103197831,0.000001006411
365,"22/04/27-05:36:39",0,27.39,1.72,3.05,18.15,13.99,12.91,6.67,0.105,27.2436666666671,0.234149072260138,0.000000990196
366,"22/04/27-05:51:39",0,27.08,1.71,3.03,18.12,13.95,12.91,6.67,0.103,27.2540833333338,0.234149072260138,0.0000009734405
367,"22/04/27-06:06:39",0,26.82,1.74,3.04,18.23,13.92,12.91,6.67,0.104,27.2645000000004,0.231807343786626,0.0000009593875
368,"22/04/27-06:21:39",0,26.52,1.68,3.03,18.11,13.93,12.91,6.67,0.104,27.2749166666671,0.231807343786635,0.0000009431725
369,"22/04/27-06:36:39",0,26.23,1.7,3.04,18.27,13.92,12.91,6.67,0.1,27.2853333333338,0.229470886793727,0.000000927498
370,"22/04/27-06:51:39",0,25.93,1.7,3.06,18.49,13.91,12.91,6.67,0.109,27.2957500000004,0.229470886793727,0.000000911283
371,"22/04/27-07:06:39",0,25.62,1.67,3.06,17.98,13.98,12.91,6.67,0.099,27.3061666666671,0.224821995770203,0.0000008945275
372,"22/04/27-07:21:39",0,25.34,1.71,3.04,18.11,13.93,12.9,6.67,0.103,27.3165833333338,0.224821995770203,0.0000008793935
373,"22/04/27-07:36:39",0,25.1,1.7,3.05,18.02,13.93,12.9,6.67,0.097,27.3270000000004,0.224821995770203,0.0000008664215
374,"22/04/27-07:51:39",0,24.85,1.69,3.06,17.93,13.95,12.9,6.67,0.1,27.3374166666671,0.22714171307535,0.000000852909
375,"22/04/27-08:06:39",0,24.64,1.68,3.05,18.02,13.93,12.9,6.67,0.098,27.3478333333338,0.22714171307535,0.0000008415585
376,"22/04/27-08:21:38",0,24.46,1.68,3.07,18.01,13.88,12.9,6.67,0.105,27.3582500000004,0.231807343786628,0.0000008318295
377,"22/04/27-08:36:38",0,24.17,1.64,3.05,18.02,13.95,12.9,6.67,0.101,27.3686666666671,0.231807343786635,0.000000816155
378,"22/04/27-08:51:38",0,24,1.68,3.03,18.15,13.93,12.9,6.67,0.103,27.3790833333338,0.231807343786635,0.0000008069665
379,"22/04/27-09:06:38",0,23.78,1.66,3.03,17.96,13.94,12.9,6.67,0.105,27.3895000000004,0.229470886793727,0.0000007950755
380,"22/04/27-09:21:38",0,23.65,1.68,3.04,17.94,13.93,12.9,6.67,0.101,27.3999166666671,0.22947088679372,0.000000788049
381,"22/04/27-09:36:38",0,23.48,1.68,3.04,18.07,13.94,12.9,6.67,0.101,27.4103333333338,0.22714171307535,0.0000007788605
382,"22/04/27-09:51:38",0,23.34,1.67,3.05,18,13.94,12.9,6.67,0.099,27.4207500000005,0.22714171307535,0.0000007712935
383,"22/04/27-10:06:38",0,23.2,1.65,3.03,17.91,13.92,12.9,6.67,0.101,27.4311666666671,0.222514069362023,0.0000007637265
384,"22/04/27-10:21:38",0,23.03,1.66,3.01,18,13.95,12.9,6.67,0.106,27.4415833333338,0.220220429679269,0.000000754538
385,"22/04/27-10:36:38",0,22.98,1.65,2.99,17.78,13.89,12.91,6.67,0.098,27.4520000000005,0.222514069362023,0.0000007518355
386,"22/04/27-10:51:38",0,22.81,1.64,3.03,17.86,13.92,12.91,6.67,0.118,27.4624166666671,0.224821995770203,0.000000742647
387,"22/04/27-11:06:38",0,22.76,1.67,3.01,17.92,13.94,12.91,6.67,0.104,27.4728333333338,0.224821995770203,0.0000007399445
388,"22/04/27-11:21:37",0,22.67,1.64,2.99,17.93,13.93,12.91,6.67,0.101,27.4832500000005,0.222514069362023,0.00000073508
389,"22/04/27-11:36:37",0,22.63,1.64,2.97,17.79,13.91,12.91,6.67,0.102,27.4936666666671,0.220220429679269,0.000000732918
390,"22/04/27-11:51:37",0,22.59,1.64,3.01,17.91,13.91,12.92,6.67,0.1,27.5040833333338,0.220220429679269,0.000000730756
391,"22/04/27-12:06:37",0,22.52,1.65,3.02,17.9,13.93,12.92,6.67,0.107,27.5145000000005,0.220220429679269,0.0000007269725
392,"22/04/27-12:21:37",0,22.49,1.67,3,17.86,13.95,12.92,6.67,0.103,27.5249166666671,0.217943733895412,0.000000725351
393,"22/04/27-12:36:37",0,22.5,1.64,3.01,17.86,13.93,12.92,6.67,0.1,27.5353333333338,0.21345260944245,0.0000007258915
394,"22/04/27-12:51:37",0,22.49,1.63,3,17.81,13.9,12.92,6.67,0.103,27.5457500000005,0.211244301844561,0.000000725351
395,"22/04/27-13:06:37",0,22.47,1.65,3.02,17.88,13.92,12.92,6.67,0.104,27.5561666666671,0.211244301844561,0.00000072427
396,"22/04/27-13:21:37",0,22.48,1.64,2.98,17.65,13.92,12.92,6.67,0.106,27.5665833333338,0.209065180288044,0.0000007248105
397,"22/04/27-13:36:37",0,22.45,1.63,3.02,17.95,13.91,12.92,6.67,0.1,27.5770000000005,0.206918708670758,0.000000723189
398,"22/04/27-13:51:37",0,22.47,1.64,3.01,17.88,13.94,12.93,6.67,0.096,27.5874166666671,0.202738377569482,0.00000072427
399,"22/04/27-14:06:37",0,22.48,1.65,3,17.71,13.93,12.93,6.67,0.098,27.5978333333338,0.200712252605594,0.0000007248105
400,"22/04/27-14:21:36",0,22.54,1.64,2.98,17.87,13.92,12.93,6.67,0.102,27.6082500000005,0.200712252605594,0.0000007280535
401,"22/04/27-14:36:36",0,22.55,1.66,2.97,17.63,13.9,12.93,6.67,0.113,27.6186666666671,0.198734246621041,0.000000728594
402,"22/04/27-14:51:36",0,22.5,1.65,2.98,17.91,13.94,12.93,6.67,0.109,27.6290833333338,0.198734246621041,0.0000007258915
403,"22/04/27-15:06:36",0,22.61,1.65,2.98,17.89,13.88,12.93,6.67,0.107,27.6395000000005,0.198734246621041,0.000000731837
404,"22/04/27-15:21:36",0,22.64,1.63,3.02,17.84,13.94,12.93,6.67,0.105,27.6499166666671,0.200712252605594,0.0000007334585
405,"22/04/27-15:36:36",0,22.7,1.67,2.98,17.9,13.89,12.93,6.67,0.1,27.6603333333338,0.200712252605594,0.0000007367015
406,"22/04/27-15:51:36",0,22.71,1.64,2.98,17.71,13.9,12.93,6.67,0.106,27.6707500000005,0.200712252605594,0.000000737242
407,"22/04/27-16:06:36",0,22.76,1.63,2.98,17.68,13.91,12.93,6.67,0.103,27.6811666666671,0.198734246621041,0.0000007399445
408,"22/04/27-16:21:36",0,22.84,1.62,2.99,17.79,13.92,12.93,6.67,0.11,27.6915833333338,0.198734246621041,0.0000007442685
409,"22/04/27-16:36:36",0,22.88,1.64,2.99,17.8,13.9,12.93,6.67,0.103,27.7020000000005,0.198734246621041,0.0000007464305
410,"22/04/27-16:51:36",0,22.93,1.65,2.97,17.64,13.91,12.94,6.67,0.107,27.7124166666672,0.198734246621041,0.000000749133
411,"22/04/27-17:06:36",0,23.01,1.65,2.97,17.7,13.9,12.94,6.67,0.098,27.7228333333338,0.196808630238068,0.000000753457
412,"22/04/27-17:21:35",0,23.02,1.64,2.98,17.71,13.93,12.94,6.67,0.102,27.7332500000005,0.198734246621041,0.0000007539975
413,"22/04/27-17:36:35",0,23.11,1.63,2.94,17.66,13.9,12.94,6.67,0.108,27.7436666666672,0.198734246621041,0.000000758862
414,"22/04/27-17:51:35",0,23.16,1.66,2.94,17.75,13.91,12.94,6.67,0.109,27.7540833333338,0.198734246621041,0.0000007615645
415,"22/04/27-18:06:35",0,23.25,1.62,2.98,17.65,13.93,12.94,6.67,0.105,27.7645000000005,0.194939835423792,0.000000766429
416,"22/04/27-18:21:35",0,23.33,1.63,2.96,17.7,13.93,12.94,6.67,0.104,27.7749166666672,0.194939835423792,0.000000770753
417,"22/04/27-18:36:35",0,23.42,1.63,2.96,17.67,13.93,12.94,6.67,0.105,27.7853333333338,0.191391245094263,0.0000007756175
418,"22/04/27-18:51:35",0,23.51,1.64,2.96,17.62,13.9,12.94,6.67,0.102,27.7957500000005,0.191391245094263,0.000000780482
419,"22/04/27-19:06:35",0,23.54,1.66,2.95,17.8,13.93,12.94,6.67,0.106,27.8061666666672,0.189721120237664,0.0000007821035
420,"22/04/27-19:21:35",0,23.69,1.64,2.94,17.74,13.93,12.94,6.67,0.105,27.8165833333338,0.189721120237664,0.000000790211
421,"22/04/27-19:36:35",0,23.77,1.67,2.95,17.81,13.94,12.94,6.67,0.102,27.8270000000005,0.193132455490245,0.000000794535
422,"22/04/27-19:51:35",0,23.88,1.68,2.92,17.67,13.92,12.94,6.68,0.105,27.8374166666672,0.194939835423792,0.0000008004805
423,"22/04/27-20:06:35",0,23.98,1.67,2.93,17.67,13.89,12.94,6.68,0.117,27.8478333333338,0.194939835423792,0.0000008058855
424,"22/04/27-20:21:35",0,24.08,1.65,2.95,17.8,13.9,12.94,6.68,0.104,27.8582500000005,0.198734246621041,0.0000008112905
425,"22/04/27-20:36:34",0,24.12,1.66,2.96,17.7,13.93,12.94,6.68,0.097,27.8686666666672,0.198734246621041,0.0000008134525
426,"22/04/27-20:51:34",0,24.27,1.67,2.94,17.75,13.87,12.94,6.67,0.112,27.8790833333338,0.202738377569482,0.00000082156
427,"22/04/27-21:06:34",0,24.33,1.66,2.97,17.75,13.92,12.94,6.67,0.111,27.8895000000005,0.20480851223537,0.000000824803
428,"22/04/27-21:21:34",0,24.41,1.66,2.94,17.69,13.91,12.94,6.68,0.105,27.8999166666672,0.20480851223537,0.000000829127
429,"22/04/27-21:36:34",0,24.49,1.66,2.91,17.62,13.94,12.94,6.68,0.111,27.9103333333338,0.211244301844561,0.000000833451
430,"22/04/27-21:51:34",0,24.55,1.67,2.93,17.59,13.93,12.94,6.68,0.105,27.9207500000005,0.215686800528758,0.000000836694
431,"22/04/27-22:06:34",0,24.65,1.65,2.93,17.64,13.92,12.94,6.68,0.105,27.9311666666672,0.217943733895412,0.000000842099
432,"22/04/27-22:21:34",0,24.71,1.68,2.94,17.78,13.93,12.93,6.68,0.101,27.9415833333338,0.220220429679269,0.000000845342
433,"22/04/27-22:36:34",0,24.81,1.67,2.92,17.65,13.91,12.93,6.68,0.107,27.9520000000005,0.220220429679269,0.000000850747
434,"22/04/27-22:51:34",0,24.88,1.68,2.93,17.63,13.91,12.93,6.67,0.106,27.9624166666672,0.220220429679269,0.0000008545305
435,"22/04/27-23:06:34",0,24.94,1.64,2.93,17.59,13.91,12.93,6.68,0.106,27.9728333333338,0.220220429679269,0.0000008577735
436,"22/04/27-23:21:34",0,25,1.69,2.9,17.67,13.92,12.93,6.68,0.108,27.9832500000005,0.222514069362006,0.0000008610165
437,"22/04/27-23:36:34",0,25.08,1.66,2.91,17.75,13.91,12.93,6.68,0.106,27.9936666666672,0.222514069362017,0.0000008653405
438,"22/04/27-23:51:33",0,25.1,1.68,2.93,17.54,13.92,12.93,6.68,0.099,28.0040833333339,0.222514069362023,0.0000008664215
439,"22/04/28-00:06:33",0,25.15,1.67,2.88,17.55,13.91,12.93,6.68,0.112,28.0145000000005,0.224821995770203,0.000000869124
440,"22/04/28-00:21:33",0,25.2,1.7,2.92,17.69,13.9,12.93,6.68,0.106,28.0249166666672,0.22714171307535,0.0000008718265
441,"22/04/28-00:36:33",0,25.27,1.67,2.91,17.71,13.91,12.92,6.68,0.105,28.0353333333339,0.22714171307535,0.00000087561
442,"22/04/28-00:51:33",0,25.33,1.69,2.91,17.68,13.92,12.92,6.68,0.106,28.0457500000005,0.229470886793727,0.000000878853
443,"22/04/28-01:06:33",0,25.36,1.67,2.91,17.62,13.94,12.92,6.68,0.102,28.0561666666672,0.224821995770203,0.0000008804745
444,"22/04/28-01:21:33",0,25.41,1.67,2.9,17.65,13.93,12.92,6.68,0.102,28.0665833333339,0.224821995770203,0.000000883177
445,"22/04/28-01:36:33",0,25.46,1.66,2.89,17.54,13.91,12.92,6.68,0.11,28.0770000000005,0.229470886793737,0.0000008858795
446,"22/04/28-01:51:33",0,25.52,1.69,2.89,17.65,13.91,12.92,6.68,0.106,28.0874166666672,0.227141713075344,0.0000008891225
447,"22/04/28-02:06:33",0,25.53,1.7,2.9,17.62,13.94,12.92,6.68,0.112,28.0978333333339,0.224821995770203,0.000000889663
448,"22/04/28-02:21:33",0,25.6,1.68,2.9,17.57,13.92,12.92,6.68,0.105,28.1082500000005,0.224821995770203,0.0000008934465
449,"22/04/28-02:36:33",0,25.63,1.68,2.9,17.72,13.92,12.92,6.68,0.106,28.1186666666672,0.224821995770214,0.000000895068
450,"22/04/28-02:51:32",0,25.7,1.7,2.88,17.72,13.92,12.91,6.68,0.106,28.1290833333339,0.224821995770203,0.0000008988515
451,"22/04/28-03:06:32",0,25.74,1.67,2.91,17.74,13.91,12.91,6.68,0.106,28.1395000000005,0.224821995770203,0.0000009010135
452,"22/04/28-03:21:32",0,25.75,1.68,2.89,17.92,13.9,12.91,6.68,0.098,28.1499166666672,0.224821995770203,0.000000901554
453,"22/04/28-03:36:32",0,25.74,1.7,2.9,17.86,13.93,12.91,6.68,0.11,28.1603333333339,0.224821995770203,0.0000009010135
454,"22/04/28-03:51:32",0,25.78,1.68,2.91,17.64,13.93,12.91,6.68,0.107,28.1707500000005,0.227141713075346,0.0000009031755
455,"22/04/28-04:06:32",0,25.82,1.68,2.89,17.88,13.86,12.91,6.68,0.106,28.1811666666672,0.224821995770203,0.0000009053375
456,"22/04/28-04:21:32",0,25.76,1.67,2.89,17.74,13.94,12.91,6.68,0.102,28.1915833333339,0.222514069362017,0.0000009020945
457,"22/04/28-04:36:32",0,25.76,1.69,2.93,17.74,13.94,12.91,6.68,0.103,28.2020000000005,0.222514069362023,0.0000009020945
458,"22/04/28-04:51:32",0,25.75,1.73,2.87,17.75,13.9,12.91,6.68,0.11,28.2124166666672,0.220220429679269,0.000000901554
459,"22/04/28-05:06:32",0,25.71,1.67,2.89,17.66,13.94,12.9,6.68,0.106,28.2228333333339,0.217943733895412,0.000000899392
460,"22/04/28-05:21:32",0,25.66,1.7,2.86,17.87,13.91,12.9,6.68,0.104,28.2332500000005,0.21345260944245,0.0000008966895
461,"22/04/28-05:36:32",0,25.57,1.68,2.88,17.82,13.91,12.9,6.68,0.107,28.2436666666672,0.206918708670758,0.000000891825
462,"22/04/28-05:51:31",0,25.47,1.69,2.86,17.83,13.9,12.9,6.68,0.11,28.2540833333339,0.206918708670758,0.00000088642
463,"22/04/28-06:06:31",0,25.37,1.67,2.86,17.9,13.92,12.9,6.68,0.097,28.2645000000005,0.206918708670758,0.000000881015
464,"22/04/28-06:21:31",0,25.25,1.65,2.9,17.99,13.9,12.9,6.68,0.114,28.2749166666672,0.20480851223537,0.000000874529
465,"22/04/28-06:36:31",0,25.06,1.67,2.89,18.03,13.92,12.9,6.68,0.113,28.2853333333339,0.206918708670758,0.0000008642595
466,"22/04/28-06:51:31",0,24.93,1.67,2.86,18,13.92,12.9,6.68,0.101,28.2957500000006,0.206918708670758,0.000000857233
467,"22/04/28-07:06:31",0,24.68,1.65,2.86,17.88,13.94,12.9,6.68,0.099,28.3061666666672,0.21345260944245,0.0000008437205
468,"22/04/28-07:21:31",0,24.5,1.66,2.86,17.99,13.92,12.9,6.68,0.104,28.3165833333339,0.215686800528758,0.0000008339915
469,"22/04/28-07:36:31",0,24.23,1.65,2.9,18.09,13.92,12.89,6.68,0.102,28.3270000000006,0.215686800528758,0.000000819398
470,"22/04/28-07:51:31",0,24.07,1.65,2.88,18.14,13.91,12.89,6.68,0.109,28.3374166666672,0.215686800528758,0.00000081075
471,"22/04/28-08:06:31",0,23.8,1.66,2.87,18.03,13.89,12.89,6.68,0.105,28.3478333333339,0.215686800528758,0.0000007961565
472,"22/04/28-08:21:31",0,23.58,1.62,2.86,17.96,13.92,12.89,6.68,0.103,28.3582500000006,0.211244301844561,0.0000007842655
473,"22/04/28-08:36:30",0,23.24,1.66,2.87,18.1,13.92,12.89,6.68,0.099,28.3686666666672,0.206918708670758,0.0000007658885
474,"22/04/28-08:51:30",0,22.96,1.66,2.86,18.1,13.92,12.89,6.68,0.106,28.3790833333339,0.20480851223537,0.0000007507545
475,"22/04/28-09:06:30",0,22.67,1.62,2.87,18.09,13.93,12.89,6.68,0.099,28.3895000000006,0.202738377569482,0.00000073508
476,"22/04/28-09:21:30",0,22.38,1.65,2.89,18.15,13.93,12.89,6.68,0.1,28.3999166666672,0.200712252605594,0.0000007194055
477,"22/04/28-09:36:30",0,22.12,1.64,2.87,18.17,13.91,12.89,6.68,0.107,28.4103333333339,0.198734246621041,0.0000007053525
478,"22/04/28-09:51:30",0,21.83,1.63,2.87,18.14,13.91,12.89,6.68,0.103,28.4207500000006,0.198734246621041,0.000000689678
479,"22/04/28-10:06:30",0,21.56,1.63,2.9,18.19,13.9,12.89,6.68,0.105,28.4311666666672,0.198734246621041,0.0000006750845
480,"22/04/28-10:21:30",0,21.28,1.6,2.87,18.2,13.92,12.9,6.68,0.099,28.4415833333339,0.196808630238068,0.0000006599505
481,"22/04/28-10:36:30",0,21.02,1.63,2.88,18.08,13.94,12.9,6.68,0.11,28.4520000000006,0.196808630238068,0.0000006458975
482,"22/04/28-10:51:30",0,20.79,1.6,2.89,18.44,13.93,12.9,6.68,0.116,28.4624166666672,0.196808630238068,0.000000633466
483,"22/04/28-11:06:30",0,20.55,1.63,2.87,18.2,13.92,12.9,6.68,0.101,28.4728333333339,0.198734246621041,0.000000620494
484,"22/04/28-11:21:30",0,20.33,1.61,2.88,18.26,13.9,12.9,6.68,0.103,28.4832500000006,0.196808630238068,0.000000608603
485,"22/04/28-11:36:29",0,20.08,1.62,2.88,18.27,13.93,12.9,6.68,0.103,28.4936666666672,0.194939835423792,0.0000005950905
486,"22/04/28-11:51:29",0,19.89,1.6,2.91,18.25,13.92,12.91,6.68,0.101,28.5040833333339,0.196808630238068,0.000000584821
487,"22/04/28-12:06:29",0,19.74,1.6,2.9,18.37,13.9,12.91,6.68,0.101,28.5145000000006,0.196808630238068,0.0000005767135
488,"22/04/28-12:21:29",0,19.54,1.6,2.88,18.39,13.91,12.91,6.68,0.105,28.5249166666672,0.191391245094263,0.0000005659035
489,"22/04/28-12:36:29",0,19.38,1.61,2.89,18.32,13.91,12.91,6.68,0.11,28.5353333333339,0.189721120237664,0.0000005572555
490,"22/04/28-12:51:29",0,19.22,1.58,2.88,18.37,13.93,12.91,6.68,0.107,28.5457500000006,0.189721120237664,0.0000005486075
491,"22/04/28-13:06:29",0,19.09,1.59,2.9,18.31,13.92,12.91,6.68,0.105,28.5561666666672,0.188127158267051,0.000000541581
492,"22/04/28-13:21:29",0,18.93,1.6,2.87,18.34,13.93,12.91,6.68,0.104,28.5665833333339,0.189721120237664,0.000000532933
493,"22/04/28-13:36:29",0,18.81,1.6,2.86,18.31,13.94,12.91,6.68,0.106,28.5770000000006,0.188127158267051,0.000000526447
494,"22/04/28-13:51:29",0,18.72,1.61,2.87,18.36,13.94,12.92,6.68,0.103,28.5874166666673,0.189721120237664,0.0000005215825
495,"22/04/28-14:06:29",0,18.64,1.56,2.87,18.33,13.89,12.92,6.68,0.108,28.5978333333339,0.189721120237664,0.0000005172585
496,"22/04/28-14:21:29",0,18.51,1.61,2.87,18.29,13.94,12.92,6.68,0.111,28.6082500000006,0.191391245094263,0.000000510232
497,"22/04/28-14:36:29",0,18.42,1.58,2.88,18.34,13.94,12.92,6.68,0.101,28.6186666666673,0.189721120237664,0.0000005053675
498,"22/04/28-14:51:28",0,18.34,1.58,2.89,18.31,13.95,12.92,6.68,0.106,28.6290833333339,0.189721120237664,0.0000005010435
499,"22/04/28-15:06:28",0,18.27,1.6,2.87,18.29,13.92,12.92,6.68,0.101,28.6395000000006,0.188127158267051,0.00000049726
500,"22/04/28-15:21:28",0,18.23,1.6,2.87,18.4,13.91,12.92,6.68,0.106,28.6499166666673,0.185188839094898,0.000000495098
501,"22/04/28-15:36:28",0,18.15,1.57,2.86,18.34,13.9,12.92,6.68,0.109,28.6603333333339,0.183855443311046,0.000000490774
502,"22/04/28-15:51:28",0,18.12,1.61,2.86,18.31,13.91,12.92,6.68,0.096,28.6707500000006,0.183855443311024,0.0000004891525
503,"22/04/28-16:06:28",0,17.96,1.57,2.87,18.3,13.93,12.92,6.68,0.107,28.6811666666673,0.183855443311046,0.0000004805045
504,"22/04/28-16:21:28",0,18,1.6,2.86,18.26,13.93,12.92,6.68,0.101,28.6915833333339,0.185188839094898,0.0000004826665
505,"22/04/28-16:36:28",0,17.94,1.59,2.85,18.39,13.93,12.92,6.68,0.111,28.7020000000006,0.188127158267051,0.0000004794235
506,"22/04/28-16:51:28",0,17.94,1.58,2.88,18.3,13.92,12.92,6.68,0.105,28.7124166666673,0.189721120237664,0.0000004794235
507,"22/04/28-17:06:28",0,17.85,1.6,2.86,18.34,13.93,12.92,6.68,0.105,28.7228333333339,0.189721120237664,0.000000474559
508,"22/04/28-17:21:28",0,17.81,1.58,2.86,18.35,13.94,12.92,6.68,0.107,28.7332500000006,0.189721120237664,0.000000472397
509,"22/04/28-17:36:28",0,17.89,1.59,2.85,18.31,13.87,12.92,6.68,0.11,28.7436666666673,0.189721120237664,0.000000476721
510,"22/04/28-17:51:27",0,17.81,1.56,2.86,18.27,13.93,12.92,6.68,0.108,28.7540833333339,0.188127158267051,0.000000472397
511,"22/04/28-18:06:27",0,17.8,1.62,2.86,18.32,13.93,12.92,6.68,0.107,28.7645000000006,0.18661459787399,0.0000004718565
512,"22/04/28-18:21:27",0,17.81,1.59,2.82,18.31,13.92,12.92,6.68,0.107,28.7749166666673,0.18661459787399,0.000000472397
513,"22/04/28-18:36:27",0,17.82,1.59,2.83,18.31,13.92,12.92,6.68,0.105,28.7853333333339,0.183855443311024,0.0000004729375
514,"22/04/28-18:51:27",0,17.81,1.58,2.85,18.27,13.94,12.92,6.68,0.108,28.7957500000006,0.185188839094898,0.000000472397
515,"22/04/28-19:06:27",0,17.84,1.59,2.83,18.3,13.93,12.92,6.68,0.1,28.8061666666673,0.185188839094898,0.0000004740185
516,"22/04/28-19:21:27",0,17.91,1.6,2.85,18.27,13.9,12.92,6.68,0.108,28.8165833333339,0.188127158267051,0.000000477802
517,"22/04/28-19:36:27",0,18.02,1.57,2.82,18.3,13.89,12.92,6.68,0.103,28.8270000000006,0.193132455490245,0.0000004837475
518,"22/04/28-19:51:27",0,18.04,1.6,2.83,18.32,13.89,12.92,6.68,0.113,28.8374166666673,0.194939835423792,0.0000004848285
519,"22/04/28-20:06:27",0,18.08,1.61,2.83,18.34,13.92,12.92,6.68,0.118,28.8478333333339,0.196808630238068,0.0000004869905
520,"22/04/28-20:21:27",0,18.12,1.6,2.83,18.25,13.92,12.92,6.68,0.104,28.8582500000006,0.200712252605594,0.0000004891525
521,"22/04/28-20:36:27",0,18.21,1.58,2.83,18.32,13.91,12.92,6.68,0.103,28.8686666666673,0.206918708670758,0.000000494017
522,"22/04/28-20:51:27",0,18.28,1.61,2.8,18.47,13.9,12.92,6.68,0.104,28.8790833333339,0.211244301844561,0.0000004978005
523,"22/04/28-21:06:26",0,18.33,1.59,2.82,18.48,13.91,12.92,6.68,0.117,28.8895000000006,0.215686800528758,0.000000500503
524,"22/04/28-21:21:26",0,18.38,1.6,2.83,18.34,13.92,12.92,6.68,0.108,28.8999166666673,0.220220429679278,0.0000005032055
525,"22/04/28-21:36:26",0,18.51,1.62,2.78,18.34,13.95,12.92,6.68,0.108,28.910333333334,0.22947088679372,0.000000510232
526,"22/04/28-21:51:26",0,18.54,1.6,2.8,18.35,13.93,12.92,6.68,0.097,28.9207500000006,0.236494221765233,0.0000005118535
527,"22/04/28-22:06:26",0,18.64,1.6,2.82,18.43,13.92,12.92,6.68,0.111,28.9311666666673,0.245877668192385,0.0000005172585
528,"22/04/28-22:21:26",0,18.68,1.61,2.79,18.38,13.92,12.91,6.68,0.105,28.941583333334,0.243534112153337,0.0000005194205
529,"22/04/28-22:36:26",0,18.77,1.62,2.78,18.37,13.93,12.91,6.68,0.109,28.9520000000006,0.250553664770202,0.000000524285
530,"22/04/28-22:51:26",0,18.94,1.61,2.8,18.38,13.88,12.91,6.68,0.106,28.9624166666673,0.25288450189439,0.0000005334735
531,"22/04/28-23:06:26",0,19.03,1.63,2.77,18.52,13.88,12.91,6.68,0.109,28.972833333334,0.25288450189439,0.000000538338
532,"22/04/28-23:21:26",0,19.03,1.61,2.8,18.33,13.94,12.91,6.68,0.101,28.9832500000006,0.248217813191264,0.000000538338
533,"22/04/28-23:36:26",0,19.1,1.61,2.8,18.29,13.92,12.91,6.68,0.11,28.9936666666673,0.243534112153337,0.0000005421215
534,"22/04/28-23:51:26",0,19.23,1.62,2.78,18.31,13.91,12.91,6.68,0.104,29.004083333334,0.238841103197831,0.000000549148
535,"22/04/29-00:06:26",0,19.33,1.6,2.76,18.2,13.91,12.91,6.68,0.099,29.0145000000006,0.238841103197835,0.000000554553
536,"22/04/29-00:21:25",0,19.39,1.6,2.78,18.41,13.93,12.91,6.68,0.104,29.0249166666673,0.234149072260126,0.000000557796
537,"22/04/29-00:36:25",0,19.47,1.64,2.75,18.35,13.93,12.91,6.68,0.106,29.035333333334,0.229470886793727,0.00000056212
538,"22/04/29-00:51:25",0,19.58,1.62,2.76,18.29,13.91,12.91,6.68,0.108,29.0457500000006,0.22714171307535,0.0000005680655
539,"22/04/29-01:06:25",0,19.65,1.62,2.77,18.56,13.92,12.9,6.68,0.1,29.0561666666673,0.22714171307535,0.000000571849
540,"22/04/29-01:21:25",0,19.75,1.61,2.75,18.45,13.92,12.9,6.68,0.113,29.066583333334,0.229470886793737,0.000000577254
541,"22/04/29-01:36:25",0,19.78,1.63,2.77,18.37,13.97,12.9,6.68,0.099,29.0770000000006,0.231807343786635,0.0000005788755
542,"22/04/29-01:51:25",0,19.88,1.62,2.76,18.34,13.9,12.9,6.68,0.106,29.0874166666673,0.231807343786635,0.0000005842805
543,"22/04/29-02:06:25",0,19.95,1.64,2.78,18.38,13.94,12.9,6.68,0.104,29.097833333334,0.231807343786635,0.000000588064
544,"22/04/29-02:21:25",0,20.02,1.62,2.76,18.29,13.91,12.9,6.68,0.111,29.1082500000006,0.231807343786635,0.0000005918475
545,"22/04/29-02:36:25",0,20.11,1.63,2.76,18.29,13.92,12.9,6.68,0.107,29.1186666666673,0.227141713075346,0.000000596712
546,"22/04/29-02:51:25",0,20.16,1.63,2.75,18.37,13.92,12.9,6.68,0.098,29.129083333334,0.224821995770214,0.0000005994145
547,"22/04/29-03:06:25",0,20.23,1.62,2.76,18.44,13.92,12.9,6.68,0.097,29.1395000000006,0.217943733895412,0.000000603198
548,"22/04/29-03:21:24",0,20.34,1.65,2.76,18.47,13.95,12.89,6.68,0.097,29.1499166666673,0.211244301844561,0.0000006091435
549,"22/04/29-03:36:24",0,20.36,1.63,2.75,18.23,13.91,12.89,6.68,0.098,29.160333333334,0.211244301844561,0.0000006102245
550,"22/04/29-03:51:24",0,20.36,1.66,2.76,18.29,13.95,12.89,6.68,0.102,29.1707500000007,0.211244301844561,0.0000006102245
551,"22/04/29-04:06:24",0,20.37,1.62,2.76,19.2,13.98,12.89,6.68,0.098,29.1811666666673,0.21345260944245,0.000000610765
552,"22/04/29-04:21:24",0,20.43,1.66,2.74,18.34,13.93,12.89,6.68,0.103,29.191583333334,0.217943733895412,0.000000614008
553,"22/04/29-04:36:24",0,20.53,1.66,2.78,18.33,13.91,12.89,6.68,0.105,29.2020000000007,0.220220429679269,0.000000619413
554,"22/04/29-04:51:24",0,20.58,1.62,2.73,18.55,13.91,12.89,6.68,0.106,29.2124166666673,0.222514069362023,0.0000006221155
555,"22/04/29-05:06:24",0,20.55,1.66,2.74,18.32,13.94,12.88,6.68,0.101,29.222833333334,0.222514069362023,0.000000620494
556,"22/04/29-05:21:24",0,20.57,1.63,2.72,18.29,13.95,12.89,6.68,0.106,29.2332500000007,0.222514069362023,0.000000621575
557,"22/04/29-05:36:24",0,20.58,1.62,2.75,18.43,13.92,12.88,6.68,0.105,29.2436666666673,0.21345260944245,0.0000006221155
558,"22/04/29-05:51:24",0,20.65,1.67,2.71,18.21,13.92,12.88,6.68,0.107,29.254083333334,0.206918708670758,0.000000625899
559,"22/04/29-06:06:24",0,20.6,1.65,2.76,18.38,13.92,12.88,6.68,0.104,29.2645000000007,0.200712252605594,0.0000006231965
560,"22/04/29-06:21:23",0,20.56,1.64,2.73,18.56,13.92,12.88,6.68,0.097,29.2749166666673,0.193132455490245,0.0000006210345
561,"22/04/29-06:36:23",0,20.57,1.66,2.73,18.33,13.94,12.88,6.68,0.109,29.285333333334,0.191391245094263,0.000000621575
562,"22/04/29-06:51:23",0,20.53,1.64,2.73,18.41,13.92,12.88,6.68,0.113,29.2957500000007,0.193132455490245,0.000000619413
563,"22/04/29-07:06:23",0,20.43,1.62,2.76,18.27,13.94,12.88,6.68,0.096,29.3061666666673,0.189721120237664,0.000000614008
564,"22/04/29-07:21:23",0,20.39,1.66,2.72,18.34,13.92,12.88,6.68,0.101,29.316583333334,0.189721120237664,0.000000611846
565,"22/04/29-07:36:23",0,20.27,1.65,2.72,18.24,13.98,12.88,6.68,0.124,29.3270000000007,0.188127158267051,0.00000060536
566,"22/04/29-07:51:23",0,20.24,1.62,2.71,18.24,13.92,12.87,6.68,0.092,29.3374166666673,0.188127158267051,0.0000006037385
567,"22/04/29-08:06:23",0,20.14,1.67,2.72,18.33,13.93,12.87,6.68,0.109,29.347833333334,0.188127158267051,0.0000005983335
568,"22/04/29-08:21:23",0,20.03,1.65,2.7,18.28,13.92,12.88,6.68,0.11,29.3582500000007,0.188127158267051,0.000000592388
569,"22/04/29-08:36:23",0,19.88,1.66,2.71,18.29,13.96,12.87,6.68,0.103,29.3686666666673,0.185188839094898,0.0000005842805
570,"22/04/29-08:51:23",0,19.73,1.61,2.72,18.27,13.94,12.87,6.68,0.106,29.379083333334,0.18661459787399,0.000000576173
571,"22/04/29-09:06:22",0,19.62,1.62,2.71,18.31,13.92,12.87,6.68,0.1,29.3895000000007,0.188127158267051,0.0000005702275
572,"22/04/29-09:21:22",0,19.5,1.65,2.73,18.3,13.9,12.88,6.68,0.104,29.3999166666673,0.189721120237664,0.0000005637415
573,"22/04/29-09:36:22",0,19.31,1.63,2.74,18.28,13.9,12.88,6.68,0.11,29.410333333334,0.188127158267051,0.000000553472
574,"22/04/29-09:51:22",0,19.13,1.6,2.73,18.26,13.94,12.88,6.68,0.103,29.4207500000007,0.191391245094263,0.000000543743
575,"22/04/29-10:06:22",0,19.02,1.61,2.72,18.29,13.91,12.88,6.69,0.099,29.4311666666673,0.188127158267051,0.0000005377975
576,"22/04/29-10:21:22",0,18.78,1.63,2.74,18.27,13.92,12.88,6.68,0.111,29.441583333334,0.188127158267051,0.0000005248255
577,"22/04/29-10:36:22",0,18.58,1.63,2.74,18.28,13.97,12.88,6.69,0.117,29.4520000000007,0.183855443311024,0.0000005140155
578,"22/04/29-10:51:22",0,18.45,1.59,2.74,18.27,13.9,12.88,6.69,0.105,29.4624166666674,0.182620133248626,0.000000506989
579,"22/04/29-11:06:22",0,18.27,1.6,2.74,18.29,13.92,12.89,6.69,0.113,29.472833333334,0.182620133248615,0.00000049726
580,"22/04/29-11:21:22",0,18.09,1.59,2.73,18.33,13.91,12.89,6.69,0.111,29.4832500000007,0.185188839094898,0.000000487531
581,"22/04/29-11:36:22",0,17.91,1.59,2.73,18.3,13.9,12.89,6.69,0.108,29.4936666666674,0.183855443311024,0.000000477802
582,"22/04/29-11:51:22",0,17.7,1.6,2.71,18.27,13.93,12.89,6.69,0.102,29.504083333334,0.183855443311024,0.0000004664515
583,"22/04/29-12:06:22",0,17.58,1.61,2.73,18.29,13.89,12.89,6.69,0.102,29.5145000000007,0.182620133248615,0.0000004599655
584,"22/04/29-12:21:21",0,17.42,1.6,2.72,18.29,13.91,12.9,6.69,0.108,29.5249166666674,0.182620133248615,0.0000004513175
585,"22/04/29-12:36:21",0,17.2,1.61,2.73,18.33,13.93,12.9,6.69,0.103,29.535333333334,0.182620133248615,0.0000004394265
586,"22/04/29-12:51:21",0,17.14,1.59,2.73,18.3,13.89,12.9,6.69,0.101,29.5457500000007,0.181488792978687,0.0000004361835
587,"22/04/29-13:06:21",0,16.97,1.57,2.73,18.25,13.92,12.9,6.69,0.105,29.5561666666674,0.179562364824947,0.000000426995
588,"22/04/29-13:21:21",0,16.84,1.59,2.72,18.31,13.92,12.9,6.69,0.108,29.566583333334,0.17877985180767,0.0000004199685
589,"22/04/29-13:36:21",0,16.64,1.6,2.72,18.25,13.94,12.9,6.69,0.112,29.5770000000007,0.179562364824947,0.0000004091585
590,"22/04/29-13:51:21",0,16.61,1.58,2.71,18.21,13.86,12.9,6.69,0.105,29.5874166666674,0.180467467917191,0.000000407537
591,"22/04/29-14:06:21",0,16.48,1.57,2.72,18.25,13.89,12.9,6.69,0.105,29.597833333334,0.181488792978687,0.0000004005105
592,"22/04/29-14:21:21",0,16.38,1.58,2.71,18.36,13.92,12.9,6.69,0.106,29.6082500000007,0.181488792978692,0.0000003951055
593,"22/04/29-14:36:21",0,16.3,1.54,2.73,18.25,13.95,12.91,6.69,0.105,29.6186666666674,0.181488792978692,0.0000003907815
594,"22/04/29-14:51:21",0,16.16,1.59,2.73,18.25,13.92,12.91,6.69,0.097,29.629083333334,0.182620133248626,0.0000003832145
595,"22/04/29-15:06:21",0,16.11,1.57,2.71,18.35,13.92,12.91,6.69,0.1,29.6395000000007,0.182620133248626,0.000000380512
596,"22/04/29-15:21:20",0,16.01,1.58,2.73,18.33,13.91,12.9,6.69,0.109,29.6499166666674,0.182620133248626,0.000000375107
597,"22/04/29-15:36:20",0,15.91,1.58,2.73,18.26,13.92,12.9,6.69,0.112,29.660333333334,0.181488792978692,0.000000369702
598,"22/04/29-15:51:20",0,15.89,1.58,2.72,18.3,13.9,12.91,6.69,0.104,29.6707500000007,0.182620133248626,0.000000368621
599,"22/04/29-16:06:20",0,15.8,1.59,2.72,18.26,13.95,12.91,6.69,0.104,29.6811666666674,0.182620133248615,0.0000003637565
600,"22/04/29-16:21:20",0,15.74,1.58,2.71,18.25,13.91,12.91,6.69,0.111,29.691583333334,0.183855443311046,0.0000003605135
601,"22/04/29-16:36:20",0,15.63,1.59,2.73,18.26,13.92,12.91,6.69,0.108,29.7020000000007,0.181488792978692,0.000000354568
602,"22/04/29-16:51:20",0,15.58,1.59,2.72,18.23,13.92,12.91,6.69,0.105,29.7124166666674,0.180467467917191,0.0000003518655
603,"22/04/29-17:06:20",0,15.54,1.57,2.7,18.24,13.93,12.91,6.69,0.101,29.722833333334,0.179562364824958,0.0000003497035
604,"22/04/29-17:21:20",0,15.38,1.58,2.73,18.25,14.03,12.91,6.69,0.115,29.7332500000007,0.179562364824947,0.0000003410555
605,"22/04/29-17:36:20",0,15.45,1.57,2.74,18.19,13.92,12.91,6.69,0.114,29.7436666666674,0.17877985180767,0.000000344839
606,"22/04/29-17:51:20",0,15.43,1.6,2.74,18.27,13.94,12.91,6.69,0.105,29.7540833333341,0.17877985180767,0.000000343758
607,"22/04/29-18:06:20",0,15.33,1.57,2.73,18.28,13.95,12.91,6.69,0.102,29.7645000000007,0.17877985180767,0.000000338353
608,"22/04/29-18:21:20",0,15.36,1.57,2.7,18.24,13.91,12.91,6.69,0.107,29.7749166666674,0.179562364824947,0.0000003399745
609,"22/04/29-18:36:20",0,15.25,1.56,2.7,18.28,13.92,12.91,6.69,0.104,29.7853333333341,0.180467467917191,0.000000334029
610,"22/04/29-18:51:19",0,15.17,1.59,2.72,18.23,13.96,12.91,6.69,0.11,29.7957500000007,0.181488792978692,0.000000329705
611,"22/04/29-19:06:19",0,15.15,1.57,2.72,18.27,13.94,12.91,6.69,0.116,29.8061666666674,0.182620133248626,0.000000328624
612,"22/04/29-19:21:19",0,15.11,1.57,2.72,18.29,13.94,12.91,6.69,0.102,29.8165833333341,0.183855443311046,0.000000326462
613,"22/04/29-19:36:19",0,15.09,1.57,2.69,18.28,13.94,12.91,6.69,0.104,29.8270000000007,0.18661459787399,0.000000325381
614,"22/04/29-19:51:19",0,15.02,1.56,2.7,18.27,13.95,12.91,6.69,0.104,29.8374166666674,0.188127158267051,0.0000003215975
615,"22/04/29-20:06:19",0,15.04,1.57,2.71,18.27,13.9,12.91,6.69,0.102,29.8478333333341,0.189721120237664,0.0000003226785
616,"22/04/29-20:21:19",0,15.02,1.58,2.7,18.31,13.91,12.91,6.69,0.114,29.8582500000007,0.193132455490245,0.0000003215975
617,"22/04/29-20:36:19",0,15.05,1.56,2.69,18.26,13.86,12.91,6.69,0.104,29.8686666666674,0.194939835423792,0.000000323219
618,"22/04/29-20:51:19",0,14.99,1.59,2.69,18.21,13.92,12.91,6.69,0.099,29.8790833333341,0.196808630238068,0.000000319976
619,"22/04/29-21:06:19",0,14.91,1.58,2.7,18.28,13.94,12.91,6.69,0.109,29.8895000000007,0.202738377569482,0.000000315652
620,"22/04/29-21:21:19",0,14.97,1.56,2.71,18.25,13.87,12.9,6.69,0.109,29.8999166666674,0.206918708670758,0.000000318895
621,"22/04/29-21:36:19",0,14.89,1.57,2.71,18.31,13.92,12.9,6.69,0.109,29.9103333333341,0.211244301844561,0.000000314571
622,"22/04/29-21:51:18",0,14.84,1.58,2.69,18.28,13.93,12.9,6.69,0.104,29.9207500000007,0.220220429679278,0.0000003118685
623,"22/04/29-22:06:18",0,14.94,1.55,2.71,18.29,13.88,12.9,6.69,0.105,29.9311666666674,0.222514069362006,0.0000003172735
624,"22/04/29-22:21:18",0,14.9,1.58,2.7,18.32,13.91,12.9,6.69,0.099,29.9415833333341,0.227141713075346,0.0000003151115
625,"22/04/29-22:36:18",0,14.76,1.57,2.7,18.26,13.94,12.9,6.69,0.107,29.9520000000007,0.229470886793727,0.0000003075445
626,"22/04/29-22:51:18",0,14.84,1.56,2.71,18.27,13.95,12.9,6.69,0.104,29.9624166666674,0.224821995770214,0.0000003118685
627,"22/04/29-23:06:18",0,14.86,1.58,2.69,18.26,13.93,12.9,6.69,0.105,29.9728333333341,0.220220429679269,0.0000003129495
628,"22/04/29-23:21:18",0,15,1.57,2.69,18.33,13.88,12.9,6.69,0.102,29.9832500000007,0.217943733895412,0.0000003205165
629,"22/04/29-23:36:18",0,14.9,1.56,2.7,18.24,13.9,12.9,6.69,0.1,29.9936666666674,0.21345260944245,0.0000003151115
630,"22/04/29-23:51:18",0,14.9,1.56,2.68,18.29,13.93,12.89,6.69,0.108,30.0040833333341,0.211244301844561,0.0000003151115
631,"22/04/30-00:06:18",0,14.93,1.56,2.67,18.25,13.91,12.89,6.69,0.109,30.0145000000007,0.206918708670758,0.000000316733
632,"22/04/30-00:21:18",0,14.99,1.56,2.67,18.25,13.93,12.89,6.69,0.097,30.0249166666674,0.20480851223537,0.000000319976
633,"22/04/30-00:36:18",0,14.95,1.58,2.67,18.26,13.91,12.89,6.69,0.113,30.0353333333341,0.206918708670758,0.000000317814
634,"22/04/30-00:51:18",0,14.97,1.58,2.68,18.27,13.93,12.89,6.69,0.114,30.0457500000007,0.206918708670758,0.000000318895
635,"22/04/30-01:06:17",0,15.08,1.58,2.67,18.27,13.92,12.89,6.69,0.109,30.0561666666674,0.20480851223537,0.0000003248405
636,"22/04/30-01:21:17",0,15.12,1.59,2.69,18.27,13.9,12.89,6.69,0.109,30.0665833333341,0.202738377569482,0.0000003270025
637,"22/04/30-01:36:17",0,15.13,1.57,2.65,18.25,13.93,12.89,6.69,0.11,30.0770000000008,0.200712252605594,0.000000327543
638,"22/04/30-01:51:17",0,15.18,1.59,2.66,18.23,13.91,12.89,6.69,0.112,30.0874166666674,0.200712252605594,0.0000003302455
639,"22/04/30-02:06:17",0,15.24,1.56,2.66,18.21,13.89,12.89,6.69,0.101,30.0978333333341,0.200712252605594,0.0000003334885
640,"22/04/30-02:21:17",0,15.25,1.58,2.68,18.21,13.91,12.89,6.69,0.106,30.1082500000008,0.196808630238068,0.000000334029
641,"22/04/30-02:36:17",0,15.35,1.58,2.68,18.2,13.91,12.89,6.69,0.102,30.1186666666674,0.194939835423792,0.000000339434
642,"22/04/30-02:51:17",0,15.35,1.6,2.66,18.22,13.93,12.89,6.69,0.106,30.1290833333341,0.191391245094263,0.000000339434
643,"22/04/30-03:06:17",0,15.46,1.57,2.66,18.21,13.9,12.88,6.69,0.105,30.1395000000008,0.188127158267051,0.0000003453795
644,"22/04/30-03:21:17",0,15.51,1.61,2.67,18.2,13.92,12.88,6.69,0.106,30.1499166666674,0.188127158267051,0.000000348082
645,"22/04/30-03:36:17",0,15.53,1.6,2.63,18.25,13.94,12.88,6.69,0.113,30.1603333333341,0.189721120237664,0.000000349163
646,"22/04/30-03:51:17",0,15.65,1.58,2.67,18.15,13.89,12.88,6.69,0.12,30.1707500000008,0.189721120237664,0.000000355649
647,"22/04/30-04:06:16",0,15.72,1.59,2.66,18.22,13.93,12.88,6.69,0.105,30.1811666666674,0.191391245094263,0.0000003594325
648,"22/04/30-04:21:16",0,15.81,1.58,2.64,18.19,13.86,12.88,6.69,0.105,30.1915833333341,0.191391245094263,0.000000364297
649,"22/04/30-04:36:16",0,15.87,1.58,2.63,18.17,13.89,12.88,6.69,0.107,30.2020000000008,0.193132455490245,0.00000036754
650,"22/04/30-04:51:16",0,15.95,1.57,2.66,18.17,13.9,12.88,6.69,0.109,30.2124166666674,0.194939835423792,0.000000371864
651,"22/04/30-05:06:16",0,15.99,1.56,2.65,18.17,13.92,12.88,6.69,0.105,30.2228333333341,0.193132455490245,0.000000374026
652,"22/04/30-05:21:16",0,16.06,1.6,2.64,18.12,13.92,12.88,6.69,0.106,30.2332500000008,0.189721120237664,0.0000003778095
653,"22/04/30-05:36:16",0,16.18,1.58,2.65,18.16,13.9,12.88,6.69,0.105,30.2436666666674,0.188127158267051,0.0000003842955
654,"22/04/30-05:51:16",0,16.26,1.56,2.63,18.13,13.89,12.88,6.69,0.105,30.2540833333341,0.186614597874003,0.0000003886195
655,"22/04/30-06:06:16",0,16.4,1.59,2.65,18.14,13.89,12.88,6.69,0.104,30.2645000000008,0.18661459787399,0.0000003961865
656,"22/04/30-06:21:16",0,16.37,1.6,2.63,18.13,13.92,12.88,6.69,0.113,30.2749166666674,0.185188839094898,0.000000394565
657,"22/04/30-06:36:16",0,16.47,1.6,2.64,18.09,13.91,12.88,6.69,0.106,30.2853333333341,0.182620133248615,0.00000039997
658,"22/04/30-06:51:16",0,16.56,1.61,2.66,18.13,13.92,12.88,6.69,0.099,30.2957500000008,0.183855443311024,0.0000004048345
659,"22/04/30-07:06:16",0,16.55,1.57,2.62,18.14,13.96,12.88,6.69,0.112,30.3061666666674,0.182620133248626,0.000000404294
660,"22/04/30-07:21:15",0,16.67,1.55,2.59,17.98,13.93,12.88,6.69,0.108,30.3165833333341,0.181488792978687,0.00000041078
661,"22/04/30-07:36:15",0,16.79,1.57,2.6,17.88,13.87,12.87,6.69,0.108,30.3270000000008,0.180467467917191,0.000000417266
662,"22/04/30-07:51:15",0,16.73,1.55,2.63,17.92,13.95,12.87,6.69,0.101,30.3374166666674,0.179562364824947,0.000000414023
663,"22/04/30-08:06:15",0,16.84,1.57,2.62,17.88,13.91,12.87,6.69,0.108,30.3478333333341,0.179562364824947,0.0000004199685
664,"22/04/30-08:21:15",0,16.88,1.59,2.64,17.89,13.91,12.87,6.69,0.105,30.3582500000008,0.180467467917191,0.0000004221305
665,"22/04/30-08:36:15",0,16.92,1.58,2.59,17.89,13.93,12.87,6.69,0.11,30.3686666666675,0.179562364824947,0.0000004242925
666,"22/04/30-08:51:15",0,16.95,1.57,2.59,17.92,13.92,12.87,6.69,0.109,30.3790833333341,0.17877985180767,0.000000425914
667,"22/04/30-09:06:15",0,16.98,1.57,2.63,17.86,13.91,12.87,6.69,0.1,30.3895000000008,0.178126458315952,0.0000004275355
668,"22/04/30-09:21:15",0,16.97,1.59,2.62,17.87,13.92,12.87,6.69,0.106,30.3999166666675,0.178126458315952,0.000000426995
669,"22/04/30-09:36:15",0,16.91,1.56,2.62,17.83,13.93,12.87,6.69,0.106,30.4103333333341,0.178126458315952,0.000000423752
670,"22/04/30-09:51:15",0,16.97,1.55,2.62,17.82,13.91,12.88,6.69,0.103,30.4207500000008,0.177608875145251,0.000000426995
671,"22/04/30-10:06:15",0,16.89,1.57,2.58,17.78,13.95,12.88,6.69,0.099,30.4311666666675,0.178126458315952,0.000000422671
672,"22/04/30-10:21:14",0,16.91,1.59,2.59,17.9,13.91,12.88,6.69,0.096,30.4415833333341,0.177608875145251,0.000000423752
673,"22/04/30-10:36:14",0,16.89,1.57,2.63,17.81,13.9,12.88,6.69,0.113,30.4520000000008,0.177608875145251,0.000000422671
674,"22/04/30-10:51:14",0,16.88,1.58,2.61,17.81,13.86,12.88,6.69,0.109,30.4624166666675,0.17877985180767,0.0000004221305
675,"22/04/30-11:06:14",0,16.74,1.58,2.62,17.85,13.92,12.88,6.69,0.116,30.4728333333341,0.178126458315952,0.0000004145635
676,"22/04/30-11:21:14",0,16.69,1.57,2.59,17.84,13.96,12.88,6.69,0.105,30.4832500000008,0.17723395443593,0.000000411861
677,"22/04/30-11:36:14",0,16.64,1.59,2.58,17.86,13.91,12.88,6.69,0.114,30.4936666666675,0.177008709673227,0.0000004091585
678,"22/04/30-11:51:14",0,16.54,1.57,2.6,17.83,13.92,12.88,6.69,0.104,30.5040833333341,0.176940315687255,0.0000004037535
679,"22/04/30-12:06:14",0,16.44,1.58,2.59,17.76,13.94,12.89,6.7,0.104,30.5145000000008,0.177036108652999,0.0000003983485
680,"22/04/30-12:21:14",0,16.43,1.57,2.58,17.72,13.89,12.89,6.69,0.105,30.5249166666675,0.177036108653007,0.000000397808
681,"22/04/30-12:36:14",0,16.27,1.61,2.62,18.12,13.93,12.89,6.69,0.113,30.5353333333341,0.177750406864117,0.00000038916
682,"22/04/30-12:51:14",0,16.25,1.56,2.59,17.85,13.95,12.89,6.7,0.104,30.5457500000008,0.178384391183869,0.000000388079
683,"22/04/30-13:06:14",0,16.11,1.58,2.58,17.86,13.92,12.89,6.7,0.1,30.5561666666675,0.178384391183869,0.000000380512
684,"22/04/30-13:21:14",0,16.01,1.57,2.57,17.87,13.92,12.89,6.69,0.112,30.5665833333341,0.178384391183869,0.000000375107
685,"22/04/30-13:36:13",0,15.9,1.58,2.58,17.89,13.91,12.89,6.7,0.106,30.5770000000008,0.179213520604172,0.0000003691615
686,"22/04/30-13:51:13",0,15.84,1.57,2.57,17.94,13.92,12.89,6.7,0.105,30.5874166666675,0.178384391183869,0.0000003659185
687,"22/04/30-14:06:13",0,15.93,1.58,2.55,17.82,13.93,12.89,6.7,0.096,30.5978333333341,0.178384391183869,0.000000370783
688,"22/04/30-14:21:13",0,15.63,1.57,2.6,17.95,13.92,12.89,6.7,0.104,30.6082500000008,0.179213520604172,0.000000354568
689,"22/04/30-14:36:13",0,15.56,1.57,2.61,17.9,13.92,12.89,6.7,0.107,30.6186666666675,0.178384391183869,0.0000003507845
690,"22/04/30-14:51:13",0,15.64,1.57,2.57,17.87,13.91,12.89,6.7,0.109,30.6290833333342,0.178384391183869,0.0000003551085
691,"22/04/30-15:06:13",0,15.29,1.58,2.58,17.88,13.98,12.89,6.7,0.098,30.6395000000008,0.177750406864108,0.000000336191
692,"22/04/30-15:21:13",0,15.3,1.57,2.54,17.86,13.89,12.89,6.7,0.107,30.6499166666675,0.177750406864117,0.0000003367315
693,"22/04/30-15:36:13",0,15.16,1.57,2.58,18.06,13.92,12.89,6.7,0.104,30.6603333333342,0.177750406864117,0.0000003291645
694,"22/04/30-15:51:13",0,15.12,1.57,2.55,18.06,13.92,12.89,6.7,0.106,30.6707500000008,0.177750406864117,0.0000003270025
695,"22/04/30-16:06:13",0,14.98,1.54,2.56,17.88,13.9,12.89,6.7,0.104,30.6811666666675,0.177750406864117,0.0000003194355
696,"22/04/30-16:21:13",0,14.87,1.55,2.55,17.82,13.91,12.89,6.7,0.104,30.6915833333342,0.178384391183869,0.00000031349
697,"22/04/30-16:36:12",0,14.8,1.56,2.55,17.85,13.91,12.89,6.7,0.107,30.7020000000008,0.177750406864117,0.0000003097065
698,"22/04/30-16:51:12",0,14.71,1.56,2.55,17.74,13.91,12.89,6.7,0.104,30.7124166666675,0.177750406864117,0.000000304842
699,"22/04/30-17:06:12",0,14.6,1.56,2.56,17.78,13.98,12.89,6.7,0.104,30.7228333333342,0.177750406864117,0.0000002988965
700,"22/04/30-17:21:12",0,14.56,1.54,2.56,17.72,13.94,12.89,6.7,0.101,30.7332500000008,0.177750406864117,0.0000002967345
701,"22/04/30-17:36:12",0,14.52,1.54,2.53,17.71,13.9,12.89,6.7,0.108,30.7436666666675,0.178384391183869,0.0000002945725
702,"22/04/30-17:51:12",0,14.39,1.57,2.56,17.76,13.91,12.89,6.7,0.101,30.7540833333342,0.177750406864117,0.000000287546
703,"22/04/30-18:06:12",0,14.31,1.56,2.54,17.76,13.95,12.89,6.7,0.111,30.7645000000008,0.177750406864117,0.000000283222
704,"22/04/30-18:21:12",0,14.2,1.54,2.54,17.88,14.01,12.89,6.7,0.103,30.7749166666675,0.177750406864108,0.0000002772765
705,"22/04/30-18:36:12",0,14.27,1.53,2.54,17.7,13.9,12.89,6.7,0.113,30.7853333333342,0.178384391183869,0.00000028106
706,"22/04/30-18:51:12",0,14.2,1.54,2.55,17.75,13.93,12.89,6.7,0.104,30.7957500000008,0.179213520604172,0.0000002772765
707,"22/04/30-19:06:12",0,14.15,1.57,2.55,17.74,13.91,12.89,6.7,0.104,30.8061666666675,0.180245938024441,0.000000274574
708,"22/04/30-19:21:12",0,14.02,1.56,2.54,17.72,13.99,12.89,6.7,0.117,30.8165833333342,0.179213520604172,0.0000002675475
709,"22/04/30-19:36:12",0,14.05,1.51,2.54,17.66,13.92,12.89,6.7,0.105,30.8270000000008,0.178384391183869,0.000000269169
710,"22/04/30-19:51:11",0,14.01,1.57,2.52,17.75,13.93,12.89,6.7,0.109,30.8374166666675,0.177303586090369,0.000000267007
711,"22/04/30-20:06:11",0,14.05,1.56,2.56,17.7,13.86,12.89,6.7,0.108,30.8478333333342,0.176940315687255,0.000000269169
712,"22/04/30-20:21:11",0,13.96,1.55,2.53,17.74,13.93,12.89,6.7,0.103,30.8582500000008,0.178126458315958,0.0000002643045
713,"22/04/30-20:36:11",0,13.93,1.54,2.55,17.73,13.89,12.89,6.69,0.099,30.8686666666675,0.180467467917193,0.000000262683
714,"22/04/30-20:51:11",0,13.82,1.53,2.52,17.67,13.91,12.89,6.69,0.115,30.8790833333342,0.183855443311024,0.0000002567375
715,"22/04/30-21:06:11",0,13.79,1.55,2.53,17.64,13.92,12.89,6.69,0.101,30.8895000000008,0.188127158267051,0.000000255116
716,"22/04/30-21:21:11",0,13.84,1.55,2.52,17.71,13.86,12.89,6.69,0.104,30.8999166666675,0.189721120237664,0.0000002578185
717,"22/04/30-21:36:11",0,13.72,1.53,2.54,17.68,13.92,12.89,6.69,0.1,30.9103333333342,0.191391245094263,0.0000002513325
718,"22/04/30-21:51:11",0,13.73,1.54,2.53,17.65,13.91,12.89,6.69,0.113,30.9207500000009,0.191391245094263,0.000000251873
719,"22/04/30-22:06:11",0,13.71,1.53,2.5,17.77,13.92,12.89,6.69,0.102,30.9311666666675,0.189721120237664,0.000000250792
720,"22/04/30-22:21:11",0,13.63,1.53,2.54,17.65,13.92,12.88,6.69,0.107,30.9415833333342,0.189721120237664,0.000000246468
721,"22/04/30-22:36:11",0,13.66,1.55,2.54,17.73,13.93,12.88,6.69,0.109,30.9520000000009,0.191391245094263,0.0000002480895
722,"22/04/30-22:51:11",0,13.64,1.55,2.53,17.65,13.9,12.88,6.69,0.107,30.9624166666675,0.189721120237664,0.0000002470085
723,"22/04/30-23:06:10",0,13.73,1.53,2.5,17.64,13.9,12.88,6.69,0.111,30.9728333333342,0.188127158267051,0.000000251873
724,"22/04/30-23:21:10",0,13.61,1.54,2.51,17.72,13.97,12.88,6.69,0.1,30.9832500000009,0.18661459787399,0.000000245387
725,"22/04/30-23:36:10",0,13.74,1.54,2.53,17.64,13.91,12.88,6.69,0.106,30.9936666666675,0.18661459787399,0.0000002524135
726,"22/04/30-23:51:10",0,13.76,1.52,2.51,17.65,13.92,12.88,6.69,0.101,31.0040833333342,0.18661459787399,0.0000002534945
727,"22/05/01-00:06:10",0,13.8,1.52,2.54,17.6,13.91,12.88,6.69,0.106,31.0145000000009,0.18972112023766,0.0000002556565
728,"22/05/01-00:21:10",0,13.87,1.56,2.51,17.64,13.93,12.88,6.69,0.11,31.0249166666675,0.188127158267051,0.00000025944
729,"22/05/01-00:36:10",0,13.9,1.53,2.53,17.7,13.9,12.87,6.69,0.106,31.0353333333342,0.188127158267051,0.0000002610615
730,"22/05/01-00:51:10",0,13.92,1.55,2.5,17.6,13.93,12.87,6.69,0.113,31.0457500000009,0.191391245094263,0.0000002621425
731,"22/05/01-01:06:10",0,13.99,1.52,2.52,17.63,13.92,12.87,6.69,0.106,31.0561666666675,0.193132455490245,0.000000265926
732,"22/05/01-01:21:10",0,14.05,1.55,2.51,17.61,13.94,12.87,6.69,0.109,31.0665833333342,0.194939835423792,0.000000269169
733,"22/05/01-01:36:10",0,14.15,1.52,2.51,17.62,13.93,12.87,6.69,0.11,31.0770000000009,0.194939835423792,0.000000274574
734,"22/05/01-01:51:10",0,14.18,1.53,2.5,17.62,13.93,12.87,6.69,0.107,31.0874166666675,0.191391245094263,0.0000002761955
735,"22/05/01-02:06:09",0,14.27,1.54,2.49,17.57,13.92,12.87,6.69,0.102,31.0978333333342,0.193132455490245,0.00000028106
736,"22/05/01-02:21:09",0,14.31,1.57,2.51,17.6,13.91,12.87,6.69,0.115,31.1082500000009,0.193132455490245,0.000000283222
737,"22/05/01-02:36:09",0,14.29,1.53,2.5,17.56,13.93,12.87,6.69,0.114,31.1186666666675,0.193132455490245,0.000000282141
738,"22/05/01-02:51:09",0,14.41,1.55,2.5,17.66,13.87,12.86,6.69,0.107,31.1290833333342,0.193132455490245,0.000000288627
739,"22/05/01-03:06:09",0,14.33,1.54,2.51,17.58,13.93,12.86,6.69,0.109,31.1395000000009,0.191391245094263,0.000000284303
740,"22/05/01-03:21:09",0,14.38,1.52,2.5,17.64,13.92,12.86,6.69,0.109,31.1499166666675,0.193132455490245,0.0000002870055
741,"22/05/01-03:36:09",0,14.42,1.54,2.51,17.65,13.89,12.86,6.69,0.099,31.1603333333342,0.193132455490245,0.0000002891675
742,"22/05/01-03:51:09",0,14.42,1.54,2.52,17.59,13.92,12.86,6.69,0.108,31.1707500000009,0.189721120237664,0.0000002891675
743,"22/05/01-04:06:09",0,14.39,1.55,2.48,17.54,13.94,12.86,6.69,0.105,31.1811666666675,0.189721120237664,0.000000287546
744,"22/05/01-04:21:09",0,14.35,1.54,2.5,17.54,13.94,12.86,6.69,0.117,31.1915833333342,0.188127158267051,0.000000285384
745,"22/05/01-04:36:09",0,14.35,1.55,2.49,17.61,13.94,12.86,6.69,0.103,31.2020000000009,0.18661459787399,0.000000285384
746,"22/05/01-04:51:09",0,14.34,1.55,2.48,17.58,13.93,12.86,6.69,0.112,31.2124166666675,0.183855443311024,0.0000002848435
747,"22/05/01-05:06:08",0,14.32,1.55,2.46,17.54,13.93,12.86,6.69,0.111,31.2228333333342,0.181488792978692,0.0000002837625
748,"22/05/01-05:21:08",0,14.25,1.56,2.48,17.58,13.91,12.86,6.69,0.103,31.2332500000009,0.181488792978687,0.000000279979
749,"22/05/01-05:36:08",0,14.26,1.55,2.5,17.57,13.93,12.85,6.69,0.113,31.2436666666676,0.181488792978687,0.0000002805195
750,"22/05/01-05:51:08",0,14.32,1.54,2.5,17.61,13.9,12.85,6.69,0.101,31.2540833333342,0.179562364824947,0.0000002837625
751,"22/05/01-06:06:08",0,14.24,1.56,2.48,17.54,13.93,12.85,6.69,0.106,31.2645000000009,0.178126458315958,0.0000002794385
752,"22/05/01-06:21:08",0,14.24,1.57,2.5,17.6,13.93,12.85,6.69,0.105,31.2749166666676,0.178126458315952,0.0000002794385
753,"22/05/01-06:36:08",0,14.31,1.58,2.47,17.54,13.91,12.85,6.69,0.105,31.2853333333342,0.178126458315952,0.000000283222
754,"22/05/01-06:51:08",0,14.21,1.55,2.48,17.48,13.97,12.85,6.69,0.108,31.2957500000009,0.177608875145251,0.000000277817
755,"22/05/01-07:06:08",0,14.25,1.55,2.5,17.48,13.95,12.85,6.69,0.109,31.3061666666676,0.17723395443593,0.000000279979
756,"22/05/01-07:21:08",0,14.26,1.57,2.51,17.38,13.92,12.85,6.7,0.122,31.3165833333342,0.177008709673227,0.0000002805195
757,"22/05/01-07:36:08",0,14.28,1.56,2.48,17.5,13.92,12.85,6.7,0.097,31.3270000000009,0.177608875145251,0.0000002816005
758,"22/05/01-07:51:08",0,14.26,1.56,2.48,17.52,13.93,12.85,6.7,0.114,31.3374166666676,0.178126458315952,0.0000002805195
759,"22/05/01-08:06:07",0,14.35,1.56,2.47,17.6,13.91,12.85,6.7,0.103,31.3478333333342,0.178126458315952,0.000000285384
760,"22/05/01-08:21:07",0,14.36,1.56,2.46,17.51,13.92,12.85,6.69,0.109,31.3582500000009,0.177608875145251,0.0000002859245
761,"22/05/01-08:36:07",0,14.37,1.59,2.48,17.6,13.93,12.85,6.69,0.098,31.3686666666676,0.178126458315952,0.000000286465
762,"22/05/01-08:51:07",0,14.42,1.55,2.44,17.51,13.94,12.85,6.69,0.109,31.3790833333342,0.177608875145251,0.0000002891675
763,"22/05/01-09:06:07",0,14.38,1.54,2.46,17.45,13.94,12.84,6.69,0.112,31.3895000000009,0.17723395443593,0.0000002870055
764,"22/05/01-09:21:07",0,14.46,1.55,2.46,17.44,13.92,12.84,6.7,0.103,31.3999166666676,0.177036108653007,0.0000002913295
765,"22/05/01-09:36:07",0,14.5,1.57,2.47,17.48,13.91,12.84,6.7,0.105,31.4103333333342,0.177750406864117,0.0000002934915
766,"22/05/01-09:51:07",0,14.5,1.56,2.48,17.66,13.89,12.85,6.7,0.113,31.4207500000009,0.177750406864117,0.0000002934915
767,"22/05/01-10:06:07",0,14.55,1.57,2.47,17.61,13.92,12.85,6.7,0.107,31.4311666666676,0.177750406864117,0.000000296194
768,"22/05/01-10:21:07",0,14.59,1.56,2.44,17.44,13.92,12.85,6.7,0.096,31.4415833333342,0.178384391183869,0.000000298356
769,"22/05/01-10:36:07",0,14.61,1.56,2.43,17.47,13.92,12.85,6.7,0.112,31.4520000000009,0.180245938024441,0.000000299437
770,"22/05/01-10:51:07",0,14.49,1.56,2.43,17.52,14.01,12.85,6.7,0.104,31.4624166666676,0.178384391183869,0.000000292951
771,"22/05/01-11:06:06",0,14.65,1.55,2.46,17.42,13.93,12.85,6.7,0.114,31.4728333333342,0.177750406864117,0.000000301599
772,"22/05/01-11:21:06",0,14.55,1.56,2.44,17.39,13.93,12.86,6.7,0.111,31.4832500000009,0.177750406864108,0.000000296194
773,"22/05/01-11:36:06",0,14.63,1.54,2.44,17.44,13.93,12.86,6.7,0.109,31.4936666666676,0.179213520604172,0.000000300518
774,"22/05/01-11:51:06",0,14.64,1.57,2.43,17.51,13.9,12.86,6.7,0.118,31.5040833333342,0.179213520604172,0.0000003010585
775,"22/05/01-12:06:06",0,14.63,1.58,2.44,17.54,13.93,12.86,6.7,0.105,31.5145000000009,0.179213520604172,0.000000300518
776,"22/05/01-12:21:06",0,14.62,1.56,2.45,17.39,13.93,12.86,6.7,0.101,31.5249166666676,0.177750406864117,0.0000002999775
777,"22/05/01-12:36:06",0,14.58,1.55,2.45,17.42,13.95,12.86,6.71,0.109,31.5353333333343,0.178384391183869,0.0000002978155
778,"22/05/01-12:51:06",0,14.57,1.58,2.46,17.41,13.93,12.86,6.71,0.105,31.5457500000009,0.180245938024441,0.000000297275
779,"22/05/01-13:06:06",0,14.6,1.57,2.45,17.44,13.91,12.86,6.71,0.113,31.5561666666676,0.180245938024441,0.0000002988965
780,"22/05/01-13:21:06",0,14.57,1.56,2.44,17.39,13.93,12.86,6.71,0.111,31.5665833333343,0.179213520604172,0.000000297275
781,"22/05/01-13:36:06",0,14.59,1.56,2.44,17.38,13.91,12.87,6.71,0.103,31.5770000000009,0.181489947688953,0.000000298356
782,"22/05/01-13:51:06",0,14.51,1.56,2.42,17.39,13.93,12.87,6.71,0.105,31.5874166666676,0.182954015186891,0.000000294032
783,"22/05/01-14:06:05",0,14.53,1.57,2.44,17.48,13.9,12.87,6.71,0.106,31.5978333333343,0.186576992764141,0.000000295113
784,"22/05/01-14:21:05",0,14.41,1.56,2.43,17.37,13.99,12.87,6.71,0.114,31.6082500000009,,
785,"22/05/01-14:36:05",0,14.45,1.58,2.42,17.38,13.92,12.87,6.71,0.106,31.6186666666676,,
786,"22/05/01-14:51:05",0,14.37,1.54,2.42,17.3,14,12.87,6.72,0.115,31.6290833333343,,
787,"22/05/01-15:06:05",0,14.39,1.57,2.43,17.28,13.94,12.87,6.72,0.112,31.6395000000009,,
